﻿time_period,time_identifier,geographic_level,country_code,country_name,graduate_group,Disability status,Employment_rate,High_skill_emp_rate,Unemployment_rate,Inactivity_rate
2021,Calendar year,National,E92000001,England,Graduates 16-64,Disabled,73.8,50.8,4.6,22.6
2021,Calendar year,National,E92000001,England,Graduates 16-64,Not Disabled,88.8,67.6,3,8.5
2021,Calendar year,National,E92000001,England,Graduates 21-30,Disabled,82,51,5.7,13
2021,Calendar year,National,E92000001,England,Graduates 21-30,Not Disabled,87.6,60.1,4.7,8.1
