﻿time_period,time_identifier,geographic_level,country_code,country_name,graduate_group,Ethnicity,Employment_rate,High_skill_emp_rate,Unemployment_rate,Inactivity_rate
2021,Calendar year,National,E92000001,England,Graduates 16-64,Asian or Asian British,83.9,60.8,5.8,10.9
2021,Calendar year,National,E92000001,England,Graduates 16-64,Black or African or Caribbean or Black British,84,51.6,7,9.8
2021,Calendar year,National,E92000001,England,Graduates 16-64,Other Ethnic Group,82.8,60,5.6,12.3
2021,Calendar year,National,E92000001,England,Graduates 16-64,White,87.2,66.5,2.7,10.4
2021,Calendar year,National,E92000001,England,Graduates 21-30,Asian or Asian British,79.7,52.3,8.1,13.4
2021,Calendar year,National,E92000001,England,Graduates 21-30,Black or African or Caribbean or Black British,84.1,48.7,:,:
2021,Calendar year,National,E92000001,England,Graduates 21-30,Other Ethnic Group,80.6,50,:,13.7
2021,Calendar year,National,E92000001,England,Graduates 21-30,White,88.3,60.9,4.2,7.8
