﻿time_period,time_identifier,geographic_level,country_code,country_name,graduate_group,Degree class,Employment_rate,High_skill_emp_rate,Unemployment_rate,Inactivity_rate
2021,Calendar year,National,E92000001,England,Graduates 16-64,First,87.2,68,2.7,10.3
2021,Calendar year,National,E92000001,England,Graduates 16-64,Lower Second 2:2,85.4,62.5,3.4,11.6
2021,Calendar year,National,E92000001,England,Graduates 16-64,Third,83.4,57.5,5,12.2
2021,Calendar year,National,E92000001,England,Graduates 16-64,Upper Second 2:1,88,66.9,3.1,9.2
2021,Calendar year,National,E92000001,England,Graduates 21-30,First,86.1,64.9,4.1,10.2
2021,Calendar year,National,E92000001,England,Graduates 21-30,Lower Second 2:2,87.9,56.1,5.8,6.6
2021,Calendar year,National,E92000001,England,Graduates 21-30,Third,81.5,41.4,:,:
2021,Calendar year,National,E92000001,England,Graduates 21-30,Upper Second 2:1,87.5,58.5,4.9,7.9
