time_period,time_identifier,Quarter,geographic_level,country_code,country_name,age_group,graduate_type,Emp_prop,Emp_prop_upper,Emp_prop_lower,HSEmp_prop,HSEmp_prop_upper,HSEmp_prop_lower,Unemp_prop,Unemp_prop_upper,Unemp_prop_lower
2007,Calendar year,Q1,National,E92000001,England,Age Group 16-64,Graduate,87.2,88.1,86.4,68.9,70,67.7,2.6,3,2.2
2007,Calendar year,Q2,National,E92000001,England,Age Group 16-64,Graduate,87.1,87.9,86.2,68.9,70,67.7,2.7,3.2,2.3
2007,Calendar year,Q3,National,E92000001,England,Age Group 16-64,Graduate,86.6,87.4,85.7,67.7,68.9,66.6,3.2,3.7,2.8
2007,Calendar year,Q4,National,E92000001,England,Age Group 16-64,Graduate,88.3,89.1,87.5,69.4,70.6,68.3,2.6,3,2.1
2008,Calendar year,Q1,National,E92000001,England,Age Group 16-64,Graduate,87.1,87.9,86.2,69.9,71,68.8,2.5,2.9,2.1
2008,Calendar year,Q2,National,E92000001,England,Age Group 16-64,Graduate,86.6,87.4,85.7,69.3,70.5,68.2,2.5,2.9,2.1
2008,Calendar year,Q3,National,E92000001,England,Age Group 16-64,Graduate,85.1,86,84.2,68,69.2,66.9,4.2,4.7,3.7
2008,Calendar year,Q4,National,E92000001,England,Age Group 16-64,Graduate,85.2,86.1,84.3,67.8,68.9,66.6,3.7,4.2,3.2
2009,Calendar year,Q1,National,E92000001,England,Age Group 16-64,Graduate,85.7,86.6,84.9,69.2,70.3,68,3.7,4.1,3.2
2009,Calendar year,Q2,National,E92000001,England,Age Group 16-64,Graduate,84.3,85.3,83.4,67.4,68.6,66.3,4.3,4.8,3.7
2009,Calendar year,Q3,National,E92000001,England,Age Group 16-64,Graduate,84,84.9,83.1,66.3,67.4,65.1,5.3,5.9,4.7
2009,Calendar year,Q4,National,E92000001,England,Age Group 16-64,Graduate,84.7,85.6,83.8,66.4,67.6,65.2,4.5,5,3.9
2010,Calendar year,Q1,National,E92000001,England,Age Group 16-64,Graduate,85,85.9,84.1,66.8,68,65.6,4.2,4.8,3.7
2010,Calendar year,Q2,National,E92000001,England,Age Group 16-64,Graduate,85.2,86,84.3,66.7,67.9,65.6,3.8,4.3,3.3
2010,Calendar year,Q3,National,E92000001,England,Age Group 16-64,Graduate,84.6,85.5,83.7,65.5,66.6,64.3,4.9,5.5,4.4
2010,Calendar year,Q4,National,E92000001,England,Age Group 16-64,Graduate,85,85.9,84.1,65.8,67,64.5,4.2,4.7,3.6
2011,Calendar year,Q1,National,E92000001,England,Age Group 16-64,Graduate,85.3,86.2,84.4,66.7,67.9,65.5,3.7,4.2,3.2
2011,Calendar year,Q2,National,E92000001,England,Age Group 16-64,Graduate,85,85.9,84.1,66.4,67.7,65.2,4.3,4.9,3.7
2011,Calendar year,Q3,National,E92000001,England,Age Group 16-64,Graduate,84.5,85.5,83.6,65.4,66.6,64.1,4.8,5.4,4.2
2011,Calendar year,Q4,National,E92000001,England,Age Group 16-64,Graduate,85,85.9,84.1,65.6,66.8,64.4,4.4,4.9,3.8
2012,Calendar year,Q1,National,E92000001,England,Age Group 16-64,Graduate,85.1,86,84.2,66.1,67.3,64.9,4.2,4.7,3.7
2012,Calendar year,Q2,National,E92000001,England,Age Group 16-64,Graduate,85.9,86.8,85,66.3,67.5,65.1,3.9,4.4,3.4
2012,Calendar year,Q3,National,E92000001,England,Age Group 16-64,Graduate,85.3,86.2,84.4,64.3,65.5,63.1,4.8,5.4,4.2
2012,Calendar year,Q4,National,E92000001,England,Age Group 16-64,Graduate,86.1,87,85.2,64.7,66,63.5,4.3,4.8,3.7
2013,Calendar year,Q1,National,E92000001,England,Age Group 16-64,Graduate,86.3,87.2,85.4,65.2,66.4,63.9,3.9,4.4,3.3
2013,Calendar year,Q2,National,E92000001,England,Age Group 16-64,Graduate,85.9,86.8,85,65.4,66.6,64.2,4.2,4.8,3.6
2013,Calendar year,Q3,National,E92000001,England,Age Group 16-64,Graduate,85.2,86.1,84.3,65.3,66.5,64.1,4.5,5.1,3.9
2013,Calendar year,Q4,National,E92000001,England,Age Group 16-64,Graduate,86.8,87.7,85.9,67,68.2,65.8,3.4,3.9,2.9
2014,Calendar year,Q1,National,E92000001,England,Age Group 16-64,Graduate,86.7,87.6,85.9,67.3,68.4,66.1,3.3,3.8,2.8
2014,Calendar year,Q2,National,E92000001,England,Age Group 16-64,Graduate,87.3,88.1,86.4,68,69.1,66.8,3,3.5,2.6
2014,Calendar year,Q3,National,E92000001,England,Age Group 16-64,Graduate,87,87.9,86.2,67.6,68.8,66.4,3.5,4,3
2014,Calendar year,Q4,National,E92000001,England,Age Group 16-64,Graduate,87.2,88.1,86.4,67.5,68.7,66.3,3.3,3.8,2.8
2015,Calendar year,Q1,National,E92000001,England,Age Group 16-64,Graduate,87.5,88.3,86.6,66.9,68.1,65.8,2.7,3.1,2.3
2015,Calendar year,Q2,National,E92000001,England,Age Group 16-64,Graduate,87,87.9,86.2,66.5,67.6,65.3,3,3.5,2.6
2015,Calendar year,Q3,National,E92000001,England,Age Group 16-64,Graduate,86.4,87.2,85.5,65.7,66.9,64.5,3.6,4.1,3.1
2015,Calendar year,Q4,National,E92000001,England,Age Group 16-64,Graduate,87.6,88.4,86.7,65.8,67,64.6,3,3.5,2.6
2016,Calendar year,Q1,National,E92000001,England,Age Group 16-64,Graduate,87.6,88.4,86.7,66.5,67.7,65.4,2.9,3.4,2.4
2016,Calendar year,Q2,National,E92000001,England,Age Group 16-64,Graduate,87.6,88.5,86.8,65.9,67.1,64.7,2.6,3,2.2
2016,Calendar year,Q3,National,E92000001,England,Age Group 16-64,Graduate,86.6,87.5,85.8,64.8,66,63.6,3.3,3.8,2.8
2016,Calendar year,Q4,National,E92000001,England,Age Group 16-64,Graduate,87.1,88,86.3,64.9,66.1,63.7,2.9,3.3,2.4
2017,Calendar year,Q1,National,E92000001,England,Age Group 16-64,Graduate,87.5,88.4,86.7,65.7,67,64.5,2.6,3.1,2.2
2017,Calendar year,Q2,National,E92000001,England,Age Group 16-64,Graduate,87.3,88.1,86.5,66.1,67.3,64.9,2.9,3.3,2.4
2017,Calendar year,Q3,National,E92000001,England,Age Group 16-64,Graduate,87.1,87.9,86.2,65,66.2,63.8,3.1,3.6,2.6
2017,Calendar year,Q4,National,E92000001,England,Age Group 16-64,Graduate,87.9,88.7,87,65.2,66.4,64,2.6,3,2.1
2018,Calendar year,Q1,National,E92000001,England,Age Group 16-64,Graduate,88.2,89,87.3,65.6,66.8,64.5,2.4,2.9,2
2018,Calendar year,Q2,National,E92000001,England,Age Group 16-64,Graduate,87.6,88.5,86.8,65.5,66.7,64.3,2.6,3,2.2
2018,Calendar year,Q3,National,E92000001,England,Age Group 16-64,Graduate,87.1,88,86.3,65.6,66.8,64.3,3,3.5,2.5
2018,Calendar year,Q4,National,E92000001,England,Age Group 16-64,Graduate,87.7,88.6,86.9,64.8,66,63.5,2.3,2.8,1.9
2019,Calendar year,Q1,National,E92000001,England,Age Group 16-64,Graduate,87.8,88.7,87,65.6,66.8,64.4,2.2,2.6,1.8
2019,Calendar year,Q2,National,E92000001,England,Age Group 16-64,Graduate,87.3,88.2,86.4,65.5,66.7,64.3,2.6,3,2.2
2019,Calendar year,Q3,National,E92000001,England,Age Group 16-64,Graduate,86.7,87.6,85.8,64.7,65.9,63.5,3.1,3.5,2.6
2019,Calendar year,Q4,National,E92000001,England,Age Group 16-64,Graduate,88,88.9,87.2,66.6,67.8,65.4,2.4,2.8,1.9
2020,Calendar year,Q1,National,E92000001,England,Age Group 16-64,Graduate,87.6,88.5,86.7,67.2,68.5,65.9,2.8,3.2,2.3
2020,Calendar year,Q2,National,E92000001,England,Age Group 16-64,Graduate,86.8,87.8,85.8,66.2,67.5,64.8,3.2,3.9,2.6
2020,Calendar year,Q3,National,E92000001,England,Age Group 16-64,Graduate,85.3,86.4,84.2,65,66.4,63.6,4.7,5.5,3.8
2020,Calendar year,Q4,National,E92000001,England,Age Group 16-64,Graduate,85.6,86.6,84.6,64.1,65.5,62.8,4.3,5,3.5
2021,Calendar year,Q1,National,E92000001,England,Age Group 16-64,Graduate,86.4,87.4,85.5,65.5,66.7,64.2,3.7,4.2,3.1
2021,Calendar year,Q2,National,E92000001,England,Age Group 16-64,Graduate,87,87.9,86.2,65.3,66.5,64.1,3,3.5,2.5
2021,Calendar year,Q3,National,E92000001,England,Age Group 16-64,Graduate,86.1,87,85.2,64.6,65.8,63.4,3.3,3.8,2.8
2021,Calendar year,Q4,National,E92000001,England,Age Group 16-64,Graduate,87.1,88,86.2,65.5,66.7,64.2,2.8,3.2,2.3
2007,Calendar year,Q1,National,E92000001,England,Age Group 16-64,Non-Graduate,69,69.5,68.5,22.7,23.1,22.3,6.5,6.7,6.2
2007,Calendar year,Q2,National,E92000001,England,Age Group 16-64,Non-Graduate,69.1,69.6,68.6,22.4,22.8,22,6.2,6.4,5.9
2007,Calendar year,Q3,National,E92000001,England,Age Group 16-64,Non-Graduate,69.9,70.3,69.4,22.4,22.8,22,6.4,6.7,6.2
2007,Calendar year,Q4,National,E92000001,England,Age Group 16-64,Non-Graduate,69.9,70.3,69.4,22.6,23,22.2,5.9,6.2,5.7
2008,Calendar year,Q1,National,E92000001,England,Age Group 16-64,Non-Graduate,69.7,70.1,69.2,22.7,23.1,22.3,6.1,6.4,5.8
2008,Calendar year,Q2,National,E92000001,England,Age Group 16-64,Non-Graduate,69.6,70.1,69.1,22.6,23,22.2,6.4,6.7,6.1
2008,Calendar year,Q3,National,E92000001,England,Age Group 16-64,Non-Graduate,69.9,70.3,69.4,22.5,22.9,22.1,7,7.3,6.7
2008,Calendar year,Q4,National,E92000001,England,Age Group 16-64,Non-Graduate,69.4,69.9,69,22.4,22.8,22,7.3,7.6,7
2009,Calendar year,Q1,National,E92000001,England,Age Group 16-64,Non-Graduate,68.1,68.6,67.7,22,22.4,21.6,8.4,8.7,8.1
2009,Calendar year,Q2,National,E92000001,England,Age Group 16-64,Non-Graduate,67.2,67.7,66.8,21.9,22.3,21.5,9.2,9.5,8.8
2009,Calendar year,Q3,National,E92000001,England,Age Group 16-64,Non-Graduate,67.6,68.1,67.1,22,22.4,21.6,9.3,9.7,9
2009,Calendar year,Q4,National,E92000001,England,Age Group 16-64,Non-Graduate,67.3,67.8,66.8,21.9,22.3,21.5,8.9,9.3,8.6
2010,Calendar year,Q1,National,E92000001,England,Age Group 16-64,Non-Graduate,66.4,66.9,65.9,21.7,22.1,21.3,9.3,9.7,9
2010,Calendar year,Q2,National,E92000001,England,Age Group 16-64,Non-Graduate,66.5,67,66,21.8,22.2,21.4,9.2,9.5,8.8
2010,Calendar year,Q3,National,E92000001,England,Age Group 16-64,Non-Graduate,67.5,68,67,21.9,22.3,21.5,9.2,9.6,8.9
2010,Calendar year,Q4,National,E92000001,England,Age Group 16-64,Non-Graduate,66.9,67.4,66.4,21.9,22.4,21.5,9.1,9.5,8.8
2011,Calendar year,Q1,National,E92000001,England,Age Group 16-64,Non-Graduate,66.7,67.3,66.2,21.5,21.9,21.1,9.2,9.6,8.9
2011,Calendar year,Q2,National,E92000001,England,Age Group 16-64,Non-Graduate,66.5,67,66,21,21.5,20.6,9.2,9.6,8.9
2011,Calendar year,Q3,National,E92000001,England,Age Group 16-64,Non-Graduate,66.9,67.4,66.4,20.8,21.2,20.4,10,10.3,9.6
2011,Calendar year,Q4,National,E92000001,England,Age Group 16-64,Non-Graduate,66.8,67.3,66.3,20.7,21.1,20.3,9.7,10.1,9.4
2012,Calendar year,Q1,National,E92000001,England,Age Group 16-64,Non-Graduate,66.5,67,66,20.9,21.3,20.5,9.7,10,9.3
2012,Calendar year,Q2,National,E92000001,England,Age Group 16-64,Non-Graduate,67,67.5,66.5,21,21.5,20.6,9.5,9.8,9.1
2012,Calendar year,Q3,National,E92000001,England,Age Group 16-64,Non-Graduate,67.9,68.4,67.4,21.3,21.7,20.8,9.4,9.8,9
2012,Calendar year,Q4,National,E92000001,England,Age Group 16-64,Non-Graduate,68,68.5,67.5,21.4,21.9,21,9,9.4,8.7
2013,Calendar year,Q1,National,E92000001,England,Age Group 16-64,Non-Graduate,66.9,67.5,66.4,21.6,22.1,21.2,9.4,9.8,9.1
2013,Calendar year,Q2,National,E92000001,England,Age Group 16-64,Non-Graduate,67.2,67.7,66.7,21.7,22.1,21.2,9.2,9.6,8.9
2013,Calendar year,Q3,National,E92000001,England,Age Group 16-64,Non-Graduate,68.1,68.6,67.6,21.6,22,21.1,9.4,9.7,9
2013,Calendar year,Q4,National,E92000001,England,Age Group 16-64,Non-Graduate,68.2,68.7,67.7,21.4,21.8,21,8.5,8.9,8.2
2014,Calendar year,Q1,National,E92000001,England,Age Group 16-64,Non-Graduate,68.2,68.7,67.7,21.6,22,21.2,8.3,8.7,8
2014,Calendar year,Q2,National,E92000001,England,Age Group 16-64,Non-Graduate,68.6,69.1,68.1,21.4,21.8,20.9,7.6,8,7.3
2014,Calendar year,Q3,National,E92000001,England,Age Group 16-64,Non-Graduate,69.4,70,68.9,21.5,22,21.1,7.4,7.7,7.1
2014,Calendar year,Q4,National,E92000001,England,Age Group 16-64,Non-Graduate,69.8,70.3,69.2,21.4,21.9,21,6.6,7,6.3
2015,Calendar year,Q1,National,E92000001,England,Age Group 16-64,Non-Graduate,69.3,69.8,68.8,21.5,22,21.1,6.7,7,6.3
2015,Calendar year,Q2,National,E92000001,England,Age Group 16-64,Non-Graduate,69.1,69.7,68.6,21.2,21.6,20.7,6.7,7,6.4
2015,Calendar year,Q3,National,E92000001,England,Age Group 16-64,Non-Graduate,70.4,70.9,69.9,21.3,21.7,20.8,6.4,6.7,6.1
2015,Calendar year,Q4,National,E92000001,England,Age Group 16-64,Non-Graduate,70.4,70.9,69.9,21.4,21.9,21,5.8,6.1,5.5
2016,Calendar year,Q1,National,E92000001,England,Age Group 16-64,Non-Graduate,69.9,70.5,69.4,21.7,22.1,21.2,6,6.4,5.7
2016,Calendar year,Q2,National,E92000001,England,Age Group 16-64,Non-Graduate,70.1,70.7,69.6,22,22.5,21.6,6,6.3,5.7
2016,Calendar year,Q3,National,E92000001,England,Age Group 16-64,Non-Graduate,70.6,71.2,70.1,22,22.5,21.5,6.2,6.5,5.8
2016,Calendar year,Q4,National,E92000001,England,Age Group 16-64,Non-Graduate,70.9,71.4,70.3,22.2,22.7,21.7,5.6,5.9,5.2
2017,Calendar year,Q1,National,E92000001,England,Age Group 16-64,Non-Graduate,70.6,71.2,70,22.3,22.8,21.8,5.5,5.8,5.2
2017,Calendar year,Q2,National,E92000001,England,Age Group 16-64,Non-Graduate,70.9,71.4,70.3,21.9,22.4,21.5,5.4,5.7,5.1
2017,Calendar year,Q3,National,E92000001,England,Age Group 16-64,Non-Graduate,71.4,71.9,70.8,22.1,22.5,21.6,5.3,5.6,5
2017,Calendar year,Q4,National,E92000001,England,Age Group 16-64,Non-Graduate,71.5,72.1,71,22.3,22.8,21.8,5,5.3,4.7
2018,Calendar year,Q1,National,E92000001,England,Age Group 16-64,Non-Graduate,71.5,72,71,22.6,23.1,22.1,5.1,5.4,4.8
2018,Calendar year,Q2,National,E92000001,England,Age Group 16-64,Non-Graduate,71.4,71.9,70.8,22.6,23.1,22.1,4.8,5.1,4.5
2018,Calendar year,Q3,National,E92000001,England,Age Group 16-64,Non-Graduate,71.7,72.3,71.1,22.9,23.4,22.4,5.2,5.5,4.9
2018,Calendar year,Q4,National,E92000001,England,Age Group 16-64,Non-Graduate,71.8,72.3,71.2,23.4,23.9,22.8,4.9,5.2,4.6
2019,Calendar year,Q1,National,E92000001,England,Age Group 16-64,Non-Graduate,71.7,72.3,71.1,23.5,24,23,4.8,5.1,4.5
2019,Calendar year,Q2,National,E92000001,England,Age Group 16-64,Non-Graduate,71.7,72.3,71.1,23.5,24.1,23,4.7,5,4.4
2019,Calendar year,Q3,National,E92000001,England,Age Group 16-64,Non-Graduate,72.1,72.7,71.5,24.2,24.7,23.7,5,5.3,4.7
2019,Calendar year,Q4,National,E92000001,England,Age Group 16-64,Non-Graduate,72.5,73.1,71.9,24.2,24.8,23.7,4.6,4.9,4.3
2020,Calendar year,Q1,National,E92000001,England,Age Group 16-64,Non-Graduate,72.3,72.9,71.7,24.5,25,23.9,4.9,5.2,4.5
2020,Calendar year,Q2,National,E92000001,England,Age Group 16-64,Non-Graduate,71.3,71.9,70.6,24.1,24.7,23.5,4.7,5.1,4.4
2020,Calendar year,Q3,National,E92000001,England,Age Group 16-64,Non-Graduate,70.7,71.5,70,24,24.7,23.4,5.9,6.4,5.5
2020,Calendar year,Q4,National,E92000001,England,Age Group 16-64,Non-Graduate,70.1,70.8,69.4,24.2,24.9,23.6,6.3,6.8,5.9
2021,Calendar year,Q1,National,E92000001,England,Age Group 16-64,Non-Graduate,69.7,70.4,69,24.4,25.1,23.8,5.8,6.3,5.4
2021,Calendar year,Q2,National,E92000001,England,Age Group 16-64,Non-Graduate,69.8,70.4,69.1,24,24.5,23.4,5.6,6,5.2
2021,Calendar year,Q3,National,E92000001,England,Age Group 16-64,Non-Graduate,70.8,71.4,70.1,24.4,25,23.9,5.5,5.9,5.2
2021,Calendar year,Q4,National,E92000001,England,Age Group 16-64,Non-Graduate,70.7,71.4,70,24.2,24.8,23.6,5.2,5.5,4.8
2007,Calendar year,Q1,National,E92000001,England,Age Group 16-64,Postgraduate,89.4,90.5,88.2,82.1,83.5,80.7,2.8,3.5,2.2
2007,Calendar year,Q2,National,E92000001,England,Age Group 16-64,Postgraduate,89.5,90.5,88.4,81.4,82.7,80,2.5,3,1.9
2007,Calendar year,Q3,National,E92000001,England,Age Group 16-64,Postgraduate,88.6,89.7,87.5,80.7,82,79.3,2.8,3.4,2.2
2007,Calendar year,Q4,National,E92000001,England,Age Group 16-64,Postgraduate,88.8,89.9,87.8,81.1,82.4,79.8,2.4,2.9,1.8
2008,Calendar year,Q1,National,E92000001,England,Age Group 16-64,Postgraduate,88,89.1,86.9,80.3,81.6,79,2.2,2.7,1.7
2008,Calendar year,Q2,National,E92000001,England,Age Group 16-64,Postgraduate,87.9,89,86.8,79.9,81.2,78.6,1.8,2.3,1.3
2008,Calendar year,Q3,National,E92000001,England,Age Group 16-64,Postgraduate,86.7,87.8,85.6,78.4,79.8,77,3,3.6,2.4
2008,Calendar year,Q4,National,E92000001,England,Age Group 16-64,Postgraduate,87.1,88.2,86,78.3,79.7,77,2.6,3.2,2
2009,Calendar year,Q1,National,E92000001,England,Age Group 16-64,Postgraduate,87.5,88.6,86.5,78.8,80.2,77.5,2.9,3.5,2.3
2009,Calendar year,Q2,National,E92000001,England,Age Group 16-64,Postgraduate,87.4,88.5,86.4,79,80.4,77.7,2.9,3.5,2.3
2009,Calendar year,Q3,National,E92000001,England,Age Group 16-64,Postgraduate,86.4,87.5,85.3,78.5,79.9,77.2,3.6,4.2,2.9
2009,Calendar year,Q4,National,E92000001,England,Age Group 16-64,Postgraduate,86.5,87.6,85.4,78.4,79.8,77.1,3.3,3.9,2.7
2010,Calendar year,Q1,National,E92000001,England,Age Group 16-64,Postgraduate,86.5,87.6,85.4,78,79.3,76.6,3.4,4,2.7
2010,Calendar year,Q2,National,E92000001,England,Age Group 16-64,Postgraduate,86.6,87.7,85.5,77.8,79.2,76.5,3.2,3.8,2.6
2010,Calendar year,Q3,National,E92000001,England,Age Group 16-64,Postgraduate,85.6,86.8,84.5,76.5,77.9,75.1,4.1,4.9,3.4
2010,Calendar year,Q4,National,E92000001,England,Age Group 16-64,Postgraduate,85.7,86.9,84.6,76.8,78.2,75.4,3.8,4.5,3.1
2011,Calendar year,Q1,National,E92000001,England,Age Group 16-64,Postgraduate,86.2,87.3,85,78,79.5,76.6,3.7,4.4,3
2011,Calendar year,Q2,National,E92000001,England,Age Group 16-64,Postgraduate,86.7,87.8,85.5,77.6,79,76.2,3.7,4.4,3
2011,Calendar year,Q3,National,E92000001,England,Age Group 16-64,Postgraduate,85.1,86.4,83.9,77.4,78.8,75.9,4.1,4.9,3.4
2011,Calendar year,Q4,National,E92000001,England,Age Group 16-64,Postgraduate,84.8,86.1,83.6,76.8,78.3,75.3,3.9,4.6,3.1
2012,Calendar year,Q1,National,E92000001,England,Age Group 16-64,Postgraduate,85.8,86.9,84.6,78,79.4,76.6,4,4.8,3.3
2012,Calendar year,Q2,National,E92000001,England,Age Group 16-64,Postgraduate,86.4,87.5,85.3,78.2,79.5,76.8,3.4,4.1,2.8
2012,Calendar year,Q3,National,E92000001,England,Age Group 16-64,Postgraduate,85.9,87.1,84.8,77.4,78.8,76,4.1,4.9,3.4
2012,Calendar year,Q4,National,E92000001,England,Age Group 16-64,Postgraduate,86.9,88.1,85.8,78.6,80,77.2,3.8,4.4,3.1
2013,Calendar year,Q1,National,E92000001,England,Age Group 16-64,Postgraduate,87.1,88.2,86,78.4,79.8,76.9,3.8,4.5,3.1
2013,Calendar year,Q2,National,E92000001,England,Age Group 16-64,Postgraduate,87.4,88.6,86.3,78.9,80.3,77.5,2.7,3.3,2.2
2013,Calendar year,Q3,National,E92000001,England,Age Group 16-64,Postgraduate,86,87.2,84.9,77.4,78.8,76,3.6,4.4,2.9
2013,Calendar year,Q4,National,E92000001,England,Age Group 16-64,Postgraduate,86.4,87.6,85.3,77.2,78.6,75.8,3.5,4.3,2.7
2014,Calendar year,Q1,National,E92000001,England,Age Group 16-64,Postgraduate,87.7,88.8,86.6,78.3,79.7,77,2.3,2.8,1.8
2014,Calendar year,Q2,National,E92000001,England,Age Group 16-64,Postgraduate,87.9,88.9,86.8,78.4,79.7,77,2,2.5,1.5
2014,Calendar year,Q3,National,E92000001,England,Age Group 16-64,Postgraduate,87.1,88.2,86,77.8,79.2,76.4,2.8,3.4,2.2
2014,Calendar year,Q4,National,E92000001,England,Age Group 16-64,Postgraduate,87.1,88.3,86,77.3,78.8,75.9,2.2,2.7,1.7
2015,Calendar year,Q1,National,E92000001,England,Age Group 16-64,Postgraduate,87.5,88.7,86.4,77.7,79.2,76.3,2.2,2.7,1.7
2015,Calendar year,Q2,National,E92000001,England,Age Group 16-64,Postgraduate,88.4,89.5,87.3,78.7,80.1,77.3,2.1,2.6,1.6
2015,Calendar year,Q3,National,E92000001,England,Age Group 16-64,Postgraduate,86.8,88,85.6,77.7,79.1,76.2,2.4,2.9,1.9
2015,Calendar year,Q4,National,E92000001,England,Age Group 16-64,Postgraduate,87.2,88.3,86,78.2,79.6,76.8,2.6,3.1,2
2016,Calendar year,Q1,National,E92000001,England,Age Group 16-64,Postgraduate,87.9,89,86.8,78.8,80.1,77.4,2,2.5,1.5
2016,Calendar year,Q2,National,E92000001,England,Age Group 16-64,Postgraduate,87.8,88.9,86.7,78.4,79.8,77,2.3,2.8,1.8
2016,Calendar year,Q3,National,E92000001,England,Age Group 16-64,Postgraduate,88,89.1,86.9,78,79.4,76.6,2.1,2.6,1.6
2016,Calendar year,Q4,National,E92000001,England,Age Group 16-64,Postgraduate,88.3,89.4,87.2,78.4,79.9,77,2,2.4,1.5
2017,Calendar year,Q1,National,E92000001,England,Age Group 16-64,Postgraduate,88,89.1,86.9,78.3,79.7,76.9,2.5,3.2,1.9
2017,Calendar year,Q2,National,E92000001,England,Age Group 16-64,Postgraduate,88.3,89.4,87.2,78.6,80,77.2,1.9,2.5,1.3
2017,Calendar year,Q3,National,E92000001,England,Age Group 16-64,Postgraduate,87.4,88.5,86.3,77.5,78.9,76.1,2.6,3.2,2
2017,Calendar year,Q4,National,E92000001,England,Age Group 16-64,Postgraduate,87.3,88.3,86.2,77,78.4,75.6,2.4,2.9,1.9
2018,Calendar year,Q1,National,E92000001,England,Age Group 16-64,Postgraduate,87.2,88.2,86.1,74.9,76.3,73.6,2.5,3,1.9
2018,Calendar year,Q2,National,E92000001,England,Age Group 16-64,Postgraduate,87,88.1,85.9,75.1,76.5,73.8,2.1,2.6,1.7
2018,Calendar year,Q3,National,E92000001,England,Age Group 16-64,Postgraduate,87.2,88.3,86,77.2,78.6,75.8,2.4,2.9,1.8
2018,Calendar year,Q4,National,E92000001,England,Age Group 16-64,Postgraduate,88.4,89.5,87.2,78.6,80,77.1,2,2.5,1.5
2019,Calendar year,Q1,National,E92000001,England,Age Group 16-64,Postgraduate,88.4,89.6,87.2,78.7,80.1,77.2,1.9,2.3,1.4
2019,Calendar year,Q2,National,E92000001,England,Age Group 16-64,Postgraduate,88.8,89.9,87.7,79.4,80.7,78,1.9,2.4,1.4
2019,Calendar year,Q3,National,E92000001,England,Age Group 16-64,Postgraduate,89,90.1,87.9,79,80.4,77.6,1.9,2.3,1.4
2019,Calendar year,Q4,National,E92000001,England,Age Group 16-64,Postgraduate,88.5,89.6,87.4,78.5,79.9,77,2.1,2.7,1.6
2020,Calendar year,Q1,National,E92000001,England,Age Group 16-64,Postgraduate,88.7,89.9,87.6,78.5,80,77,2,2.5,1.4
2020,Calendar year,Q2,National,E92000001,England,Age Group 16-64,Postgraduate,88.4,89.6,87.2,79.1,80.6,77.5,2.1,2.8,1.5
2020,Calendar year,Q3,National,E92000001,England,Age Group 16-64,Postgraduate,87.9,89.1,86.6,77.9,79.5,76.3,3.1,3.9,2.4
2020,Calendar year,Q4,National,E92000001,England,Age Group 16-64,Postgraduate,87.3,88.6,86.1,76.3,78,74.7,3.7,4.5,2.9
2021,Calendar year,Q1,National,E92000001,England,Age Group 16-64,Postgraduate,87.8,89,86.6,76.8,78.4,75.3,3.2,4,2.5
2021,Calendar year,Q2,National,E92000001,England,Age Group 16-64,Postgraduate,88.6,89.6,87.5,78.1,79.5,76.7,2.3,2.9,1.7
2021,Calendar year,Q3,National,E92000001,England,Age Group 16-64,Postgraduate,87.9,89,86.9,77.1,78.5,75.7,2.2,2.7,1.7
2021,Calendar year,Q4,National,E92000001,England,Age Group 16-64,Postgraduate,88.5,89.6,87.5,77.4,78.8,75.9,2,2.6,1.5
2007,Calendar year,Q1,National,E92000001,England,Age Group 21-30,Graduate,87.1,88.8,85.4,60,62.4,57.7,3.5,4.4,2.6
2007,Calendar year,Q2,National,E92000001,England,Age Group 21-30,Graduate,86.6,88.4,84.9,59.3,61.7,56.9,3.5,4.5,2.6
2007,Calendar year,Q3,National,E92000001,England,Age Group 21-30,Graduate,85.1,86.9,83.3,59,61.3,56.6,5.5,6.6,4.3
2007,Calendar year,Q4,National,E92000001,England,Age Group 21-30,Graduate,88.8,90.4,87.3,62.3,64.5,60,3.9,4.8,3
2008,Calendar year,Q1,National,E92000001,England,Age Group 21-30,Graduate,88.5,90,87,63.6,65.9,61.4,3.4,4.3,2.5
2008,Calendar year,Q2,National,E92000001,England,Age Group 21-30,Graduate,88.4,90,86.9,63.7,66,61.4,2.7,3.5,1.9
2008,Calendar year,Q3,National,E92000001,England,Age Group 21-30,Graduate,84.8,86.5,83,59.8,62,57.5,7,8.2,5.8
2008,Calendar year,Q4,National,E92000001,England,Age Group 21-30,Graduate,85.2,86.9,83.6,58.2,60.5,56,5.4,6.4,4.3
2009,Calendar year,Q1,National,E92000001,England,Age Group 21-30,Graduate,86,87.6,84.3,60.3,62.7,58,4.7,5.7,3.7
2009,Calendar year,Q2,National,E92000001,England,Age Group 21-30,Graduate,83.2,85,81.3,58.6,61,56.2,6.2,7.5,5
2009,Calendar year,Q3,National,E92000001,England,Age Group 21-30,Graduate,82.2,84.1,80.4,56.1,58.4,53.7,8.8,10.2,7.4
2009,Calendar year,Q4,National,E92000001,England,Age Group 21-30,Graduate,83,84.8,81.1,56.3,58.7,54,7.1,8.5,5.8
2010,Calendar year,Q1,National,E92000001,England,Age Group 21-30,Graduate,83.3,85.2,81.5,56.5,59,54.1,6.1,7.3,4.9
2010,Calendar year,Q2,National,E92000001,England,Age Group 21-30,Graduate,84.1,85.9,82.3,56.3,58.7,53.9,4.7,5.7,3.6
2010,Calendar year,Q3,National,E92000001,England,Age Group 21-30,Graduate,82,84,80.1,52.8,55.2,50.4,8.3,9.6,7
2010,Calendar year,Q4,National,E92000001,England,Age Group 21-30,Graduate,84.3,86.4,82.3,55.6,58.1,53,6.6,7.8,5.3
2011,Calendar year,Q1,National,E92000001,England,Age Group 21-30,Graduate,85.6,87.5,83.8,57.1,59.8,54.4,5.3,6.5,4.1
2011,Calendar year,Q2,National,E92000001,England,Age Group 21-30,Graduate,84.6,86.5,82.6,56.4,59.1,53.7,6.2,7.5,4.9
2011,Calendar year,Q3,National,E92000001,England,Age Group 21-30,Graduate,83,85,81,53.4,56,50.8,8.5,10,7
2011,Calendar year,Q4,National,E92000001,England,Age Group 21-30,Graduate,84.1,86,82.3,55.2,57.7,52.7,7.3,8.6,5.9
2012,Calendar year,Q1,National,E92000001,England,Age Group 21-30,Graduate,84.2,86.1,82.3,56.3,58.8,53.8,6.7,8,5.4
2012,Calendar year,Q2,National,E92000001,England,Age Group 21-30,Graduate,84.7,86.5,82.9,55.3,57.8,52.8,6.4,7.7,5.1
2012,Calendar year,Q3,National,E92000001,England,Age Group 21-30,Graduate,83.4,85.3,81.6,51.9,54.3,49.4,8.5,9.9,7.1
2012,Calendar year,Q4,National,E92000001,England,Age Group 21-30,Graduate,85.6,87.5,83.8,52,54.6,49.4,7,8.3,5.6
2013,Calendar year,Q1,National,E92000001,England,Age Group 21-30,Graduate,86.4,88.3,84.5,52.8,55.5,50.2,5.7,7,4.5
2013,Calendar year,Q2,National,E92000001,England,Age Group 21-30,Graduate,84.2,86.2,82.3,52.3,54.9,49.7,6.7,8.2,5.3
2013,Calendar year,Q3,National,E92000001,England,Age Group 21-30,Graduate,83.1,85,81.2,52.4,54.9,49.9,8.2,9.7,6.8
2013,Calendar year,Q4,National,E92000001,England,Age Group 21-30,Graduate,86.6,88.5,84.8,55.5,58,52.9,5.5,6.6,4.3
2014,Calendar year,Q1,National,E92000001,England,Age Group 21-30,Graduate,87.2,88.9,85.6,57.2,59.6,54.8,4.9,5.9,3.8
2014,Calendar year,Q2,National,E92000001,England,Age Group 21-30,Graduate,87.5,89.1,85.9,58.8,61.3,56.4,4.7,5.7,3.6
2014,Calendar year,Q3,National,E92000001,England,Age Group 21-30,Graduate,86.9,88.5,85.2,58.2,60.7,55.7,5.7,6.8,4.5
2014,Calendar year,Q4,National,E92000001,England,Age Group 21-30,Graduate,86.5,88.2,84.7,57.9,60.4,55.3,5.8,6.9,4.6
2015,Calendar year,Q1,National,E92000001,England,Age Group 21-30,Graduate,86.8,88.5,85.1,57.2,59.6,54.7,4,4.9,3
2015,Calendar year,Q2,National,E92000001,England,Age Group 21-30,Graduate,86.9,88.6,85.1,56.9,59.4,54.5,4.4,5.5,3.4
2015,Calendar year,Q3,National,E92000001,England,Age Group 21-30,Graduate,85.2,86.9,83.4,54.6,57.1,52.1,6.2,7.4,4.9
2015,Calendar year,Q4,National,E92000001,England,Age Group 21-30,Graduate,87.5,89.2,85.8,54.3,56.8,51.9,5,6.1,3.9
2016,Calendar year,Q1,National,E92000001,England,Age Group 21-30,Graduate,87.1,88.9,85.3,56.6,59.1,54.1,4.5,5.7,3.4
2016,Calendar year,Q2,National,E92000001,England,Age Group 21-30,Graduate,87.2,88.9,85.4,56.5,59,54,4.2,5.2,3.1
2016,Calendar year,Q3,National,E92000001,England,Age Group 21-30,Graduate,86,87.8,84.1,54.8,57.4,52.3,5.7,7,4.5
2016,Calendar year,Q4,National,E92000001,England,Age Group 21-30,Graduate,88,89.7,86.2,55.4,58.1,52.8,4.1,5.2,2.9
2017,Calendar year,Q1,National,E92000001,England,Age Group 21-30,Graduate,89.6,91.2,88.1,57.9,60.6,55.2,3.5,4.5,2.5
2017,Calendar year,Q2,National,E92000001,England,Age Group 21-30,Graduate,88.8,90.5,87.1,58.9,61.6,56.3,3.9,4.9,2.9
2017,Calendar year,Q3,National,E92000001,England,Age Group 21-30,Graduate,87.5,89.2,85.9,56.6,59.1,54.1,4.8,5.9,3.7
2017,Calendar year,Q4,National,E92000001,England,Age Group 21-30,Graduate,88.9,90.5,87.3,57.7,60.2,55.2,4,5,3
2018,Calendar year,Q1,National,E92000001,England,Age Group 21-30,Graduate,89,90.7,87.3,57.7,60.2,55.2,3.7,4.6,2.7
2018,Calendar year,Q2,National,E92000001,England,Age Group 21-30,Graduate,87.6,89.4,85.9,56.6,59.1,54.1,3.5,4.4,2.5
2018,Calendar year,Q3,National,E92000001,England,Age Group 21-30,Graduate,86.3,88.2,84.4,56.6,59.2,54,4.9,6,3.8
2018,Calendar year,Q4,National,E92000001,England,Age Group 21-30,Graduate,88.4,90.1,86.6,57,59.6,54.4,4,5,3
2019,Calendar year,Q1,National,E92000001,England,Age Group 21-30,Graduate,88.4,90.1,86.7,59.2,61.7,56.6,3.6,4.5,2.6
2019,Calendar year,Q2,National,E92000001,England,Age Group 21-30,Graduate,87.4,89.2,85.6,57.7,60.3,55.1,4.5,5.6,3.4
2019,Calendar year,Q3,National,E92000001,England,Age Group 21-30,Graduate,86.5,88.3,84.7,56.4,59.1,53.8,5.9,7.2,4.7
2019,Calendar year,Q4,National,E92000001,England,Age Group 21-30,Graduate,89.3,91,87.6,59,61.6,56.4,4.1,5.2,3
2020,Calendar year,Q1,National,E92000001,England,Age Group 21-30,Graduate,88.5,90.3,86.6,59.3,62,56.5,4.8,6,3.6
2020,Calendar year,Q2,National,E92000001,England,Age Group 21-30,Graduate,87.7,89.7,85.8,57.8,60.8,54.8,5.7,7,4.3
2020,Calendar year,Q3,National,E92000001,England,Age Group 21-30,Graduate,84.5,86.7,82.3,57.7,60.7,54.8,8.4,10,6.7
2020,Calendar year,Q4,National,E92000001,England,Age Group 21-30,Graduate,85,87.1,82.9,56.8,59.6,54,6,7.3,4.7
2021,Calendar year,Q1,National,E92000001,England,Age Group 21-30,Graduate,87.2,89.1,85.3,59.6,62.3,56.9,4.9,6,3.8
2021,Calendar year,Q2,National,E92000001,England,Age Group 21-30,Graduate,87.9,89.7,86.1,60.5,63.1,58,3.8,4.8,2.8
2021,Calendar year,Q3,National,E92000001,England,Age Group 21-30,Graduate,84.6,86.4,82.7,57.3,59.9,54.7,6.3,7.6,5.1
2021,Calendar year,Q4,National,E92000001,England,Age Group 21-30,Graduate,87.8,89.7,85.9,58.4,61.1,55.6,4.6,5.7,3.4
2007,Calendar year,Q1,National,E92000001,England,Age Group 21-30,Non-Graduate,71.8,72.9,70.8,20.4,21.3,19.4,8.9,9.6,8.1
2007,Calendar year,Q2,National,E92000001,England,Age Group 21-30,Non-Graduate,71.9,73,70.8,19.5,20.4,18.5,8.1,8.9,7.4
2007,Calendar year,Q3,National,E92000001,England,Age Group 21-30,Non-Graduate,74,75,72.9,20.3,21.2,19.3,7.1,7.8,6.5
2007,Calendar year,Q4,National,E92000001,England,Age Group 21-30,Non-Graduate,72.7,73.8,71.7,19.8,20.8,18.9,7.2,7.9,6.5
2008,Calendar year,Q1,National,E92000001,England,Age Group 21-30,Non-Graduate,71.7,72.8,70.7,19.6,20.5,18.7,8.2,8.9,7.4
2008,Calendar year,Q2,National,E92000001,England,Age Group 21-30,Non-Graduate,71.4,72.5,70.3,19.5,20.5,18.6,8.7,9.4,8
2008,Calendar year,Q3,National,E92000001,England,Age Group 21-30,Non-Graduate,72.9,74,71.8,19.4,20.3,18.4,8.8,9.5,8
2008,Calendar year,Q4,National,E92000001,England,Age Group 21-30,Non-Graduate,71.8,72.9,70.7,18.6,19.5,17.7,9.3,10,8.5
2009,Calendar year,Q1,National,E92000001,England,Age Group 21-30,Non-Graduate,68.9,70,67.7,18.4,19.3,17.5,11.8,12.7,11
2009,Calendar year,Q2,National,E92000001,England,Age Group 21-30,Non-Graduate,67.6,68.8,66.4,18.5,19.4,17.5,13.3,14.3,12.4
2009,Calendar year,Q3,National,E92000001,England,Age Group 21-30,Non-Graduate,69,70.2,67.8,18.7,19.7,17.8,12.5,13.4,11.6
2009,Calendar year,Q4,National,E92000001,England,Age Group 21-30,Non-Graduate,68.6,69.8,67.4,18.7,19.6,17.7,12,12.9,11.1
2010,Calendar year,Q1,National,E92000001,England,Age Group 21-30,Non-Graduate,66.7,67.9,65.5,17.6,18.6,16.7,13.1,14.1,12.2
2010,Calendar year,Q2,National,E92000001,England,Age Group 21-30,Non-Graduate,68.2,69.4,67,17.9,18.8,16.9,12.1,13,11.2
2010,Calendar year,Q3,National,E92000001,England,Age Group 21-30,Non-Graduate,70.4,71.6,69.3,17.7,18.7,16.8,11.1,12,10.2
2010,Calendar year,Q4,National,E92000001,England,Age Group 21-30,Non-Graduate,69.3,70.5,68.1,17.6,18.6,16.6,11.6,12.5,10.7
2011,Calendar year,Q1,National,E92000001,England,Age Group 21-30,Non-Graduate,67.9,69.1,66.7,17.1,18.1,16.2,12.4,13.3,11.5
2011,Calendar year,Q2,National,E92000001,England,Age Group 21-30,Non-Graduate,67.9,69.1,66.7,16.8,17.7,15.9,12.5,13.4,11.6
2011,Calendar year,Q3,National,E92000001,England,Age Group 21-30,Non-Graduate,68.5,69.7,67.3,16,16.9,15.1,13,14,12.1
2011,Calendar year,Q4,National,E92000001,England,Age Group 21-30,Non-Graduate,67.6,68.8,66.4,15.8,16.7,14.9,13,14,12.1
2012,Calendar year,Q1,National,E92000001,England,Age Group 21-30,Non-Graduate,66.7,67.8,65.5,16.6,17.6,15.7,13.1,14.1,12.2
2012,Calendar year,Q2,National,E92000001,England,Age Group 21-30,Non-Graduate,66.8,68,65.6,16.4,17.3,15.4,13.2,14.2,12.3
2012,Calendar year,Q3,National,E92000001,England,Age Group 21-30,Non-Graduate,68.1,69.3,66.9,16.4,17.3,15.4,12.8,13.8,11.8
2012,Calendar year,Q4,National,E92000001,England,Age Group 21-30,Non-Graduate,68.1,69.3,66.9,16.3,17.3,15.4,12.3,13.3,11.3
2013,Calendar year,Q1,National,E92000001,England,Age Group 21-30,Non-Graduate,66.6,67.8,65.3,16,17,15,13.2,14.2,12.1
2013,Calendar year,Q2,National,E92000001,England,Age Group 21-30,Non-Graduate,67.1,68.4,65.8,15.6,16.5,14.6,13.3,14.3,12.3
2013,Calendar year,Q3,National,E92000001,England,Age Group 21-30,Non-Graduate,69.2,70.5,68,15.6,16.5,14.6,13.1,14.1,12.1
2013,Calendar year,Q4,National,E92000001,England,Age Group 21-30,Non-Graduate,69.5,70.7,68.2,15.5,16.4,14.5,11.6,12.6,10.6
2014,Calendar year,Q1,National,E92000001,England,Age Group 21-30,Non-Graduate,69.1,70.3,67.9,16.4,17.3,15.4,11.4,12.3,10.5
2014,Calendar year,Q2,National,E92000001,England,Age Group 21-30,Non-Graduate,69.6,70.8,68.4,16.3,17.3,15.4,10.9,11.8,10
2014,Calendar year,Q3,National,E92000001,England,Age Group 21-30,Non-Graduate,71.3,72.6,70.1,16.9,17.9,15.9,9.7,10.6,8.8
2014,Calendar year,Q4,National,E92000001,England,Age Group 21-30,Non-Graduate,71.1,72.4,69.9,17.2,18.2,16.2,9,9.9,8.2
2015,Calendar year,Q1,National,E92000001,England,Age Group 21-30,Non-Graduate,70.1,71.4,68.9,17.1,18,16.1,9,9.8,8.1
2015,Calendar year,Q2,National,E92000001,England,Age Group 21-30,Non-Graduate,70.1,71.4,68.8,17,18,16,9.4,10.3,8.5
2015,Calendar year,Q3,National,E92000001,England,Age Group 21-30,Non-Graduate,73.6,74.8,72.4,18,19,16.9,8,8.9,7.2
2015,Calendar year,Q4,National,E92000001,England,Age Group 21-30,Non-Graduate,72.8,74.1,71.6,16.9,17.9,15.8,7.8,8.6,6.9
2016,Calendar year,Q1,National,E92000001,England,Age Group 21-30,Non-Graduate,72.3,73.6,71,16,17,15,7.9,8.7,7
2016,Calendar year,Q2,National,E92000001,England,Age Group 21-30,Non-Graduate,72.9,74.2,71.7,16.7,17.8,15.7,8,8.8,7.1
2016,Calendar year,Q3,National,E92000001,England,Age Group 21-30,Non-Graduate,73.8,75.1,72.6,16.7,17.7,15.6,7.9,8.8,7
2016,Calendar year,Q4,National,E92000001,England,Age Group 21-30,Non-Graduate,74.1,75.3,72.8,16.8,17.8,15.7,7.1,8,6.3
2017,Calendar year,Q1,National,E92000001,England,Age Group 21-30,Non-Graduate,73.9,75.2,72.6,16.9,18,15.8,7.2,8,6.4
2017,Calendar year,Q2,National,E92000001,England,Age Group 21-30,Non-Graduate,74.6,75.9,73.3,17.3,18.4,16.2,6.5,7.3,5.7
2017,Calendar year,Q3,National,E92000001,England,Age Group 21-30,Non-Graduate,75.5,76.8,74.2,18.4,19.5,17.2,6.7,7.5,5.9
2017,Calendar year,Q4,National,E92000001,England,Age Group 21-30,Non-Graduate,74.6,75.9,73.3,18.5,19.6,17.3,6.5,7.3,5.7
2018,Calendar year,Q1,National,E92000001,England,Age Group 21-30,Non-Graduate,73.1,74.5,71.8,18.5,19.7,17.4,7,7.9,6.1
2018,Calendar year,Q2,National,E92000001,England,Age Group 21-30,Non-Graduate,72.9,74.3,71.6,18.7,19.9,17.6,7.3,8.1,6.4
2018,Calendar year,Q3,National,E92000001,England,Age Group 21-30,Non-Graduate,74.9,76.3,73.5,19.5,20.8,18.3,6.9,7.8,6
2018,Calendar year,Q4,National,E92000001,England,Age Group 21-30,Non-Graduate,74.5,75.9,73.1,20,21.3,18.7,6.5,7.5,5.6
2019,Calendar year,Q1,National,E92000001,England,Age Group 21-30,Non-Graduate,73.8,75.2,72.4,19,20.3,17.8,6.3,7.2,5.4
2019,Calendar year,Q2,National,E92000001,England,Age Group 21-30,Non-Graduate,74.2,75.6,72.8,19.9,21.1,18.7,6.9,7.8,6
2019,Calendar year,Q3,National,E92000001,England,Age Group 21-30,Non-Graduate,74.8,76.2,73.4,20.9,22.2,19.6,7,7.9,6.1
2019,Calendar year,Q4,National,E92000001,England,Age Group 21-30,Non-Graduate,75.6,77,74.2,20.3,21.6,19.1,6.1,6.9,5.2
2020,Calendar year,Q1,National,E92000001,England,Age Group 21-30,Non-Graduate,75.4,76.9,73.9,21.5,22.8,20.1,6,6.8,5.1
2020,Calendar year,Q2,National,E92000001,England,Age Group 21-30,Non-Graduate,74.1,75.8,72.4,21,22.5,19.5,6.3,7.3,5.3
2020,Calendar year,Q3,National,E92000001,England,Age Group 21-30,Non-Graduate,73.6,75.5,71.8,20.5,22.1,19,8.3,9.6,7
2020,Calendar year,Q4,National,E92000001,England,Age Group 21-30,Non-Graduate,74.4,76.3,72.6,21.6,23.2,20.1,8.6,9.9,7.3
2021,Calendar year,Q1,National,E92000001,England,Age Group 21-30,Non-Graduate,74.2,76,72.4,22.1,23.6,20.5,7.1,8.3,6
2021,Calendar year,Q2,National,E92000001,England,Age Group 21-30,Non-Graduate,73.7,75.4,72,21.4,22.9,20,7,8.1,5.9
2021,Calendar year,Q3,National,E92000001,England,Age Group 21-30,Non-Graduate,75,76.7,73.4,22.2,23.7,20.7,7,8.1,6
2021,Calendar year,Q4,National,E92000001,England,Age Group 21-30,Non-Graduate,74.6,76.4,72.8,22.4,24.1,20.8,6.7,7.8,5.6
2007,Calendar year,Q1,National,E92000001,England,Age Group 21-30,Postgraduate,88,91,85,76,79.9,72,4.3,6.2,2.4
2007,Calendar year,Q2,National,E92000001,England,Age Group 21-30,Postgraduate,89.9,92.3,87.5,77,80.5,73.5,2.4,3.8,1.1
2007,Calendar year,Q3,National,E92000001,England,Age Group 21-30,Postgraduate,88.1,90.9,85.2,76,79.7,72.3,3.7,5.2,2.1
2007,Calendar year,Q4,National,E92000001,England,Age Group 21-30,Postgraduate,86.7,89.6,83.8,74.5,78.2,70.8,2.6,4,1.3
2008,Calendar year,Q1,National,E92000001,England,Age Group 21-30,Postgraduate,87,89.6,84.3,75.3,78.7,71.8,2.5,3.7,1.2
2008,Calendar year,Q2,National,E92000001,England,Age Group 21-30,Postgraduate,87.8,90.4,85.1,76.6,80,73.2,1.8,2.9,0.7
2008,Calendar year,Q3,National,E92000001,England,Age Group 21-30,Postgraduate,86.1,88.9,83.3,71.3,75,67.6,4.4,6.1,2.6
2008,Calendar year,Q4,National,E92000001,England,Age Group 21-30,Postgraduate,88.3,90.9,85.7,73.1,76.5,69.6,3.5,5.1,2
2009,Calendar year,Q1,National,E92000001,England,Age Group 21-30,Postgraduate,88.1,90.5,85.7,74.5,77.9,71.2,4.8,6.5,3.2
2009,Calendar year,Q2,National,E92000001,England,Age Group 21-30,Postgraduate,88,90.5,85.5,73.9,77.3,70.6,4.7,6.3,3
2009,Calendar year,Q3,National,E92000001,England,Age Group 21-30,Postgraduate,86.5,89.2,83.8,72.7,76.3,69.2,5.4,7.1,3.6
2009,Calendar year,Q4,National,E92000001,England,Age Group 21-30,Postgraduate,85,87.8,82.2,72.6,76.2,69.1,4.3,5.9,2.7
2010,Calendar year,Q1,National,E92000001,England,Age Group 21-30,Postgraduate,83.8,86.7,80.8,69.8,73.5,66.1,5.7,7.6,3.8
2010,Calendar year,Q2,National,E92000001,England,Age Group 21-30,Postgraduate,85,87.8,82.1,69.8,73.4,66.2,4.7,6.4,3
2010,Calendar year,Q3,National,E92000001,England,Age Group 21-30,Postgraduate,82.6,85.7,79.5,66.6,70.4,62.8,8.8,11.1,6.4
2010,Calendar year,Q4,National,E92000001,England,Age Group 21-30,Postgraduate,83.9,87,80.9,69.2,73,65.4,6.8,8.9,4.6
2011,Calendar year,Q1,National,E92000001,England,Age Group 21-30,Postgraduate,87.7,90.7,84.7,74.1,78.1,70,4.8,6.9,2.8
2011,Calendar year,Q2,National,E92000001,England,Age Group 21-30,Postgraduate,88.2,91.3,85,73.1,77.2,69,4.9,7.1,2.7
2011,Calendar year,Q3,National,E92000001,England,Age Group 21-30,Postgraduate,85.2,88.6,81.8,71.9,76.1,67.6,6.5,8.7,4.2
2011,Calendar year,Q4,National,E92000001,England,Age Group 21-30,Postgraduate,84.6,88,81.2,69.5,73.9,65,5.7,7.8,3.7
2012,Calendar year,Q1,National,E92000001,England,Age Group 21-30,Postgraduate,85.2,88.6,81.9,70.9,75.1,66.7,5.8,8,3.6
2012,Calendar year,Q2,National,E92000001,England,Age Group 21-30,Postgraduate,86.8,89.6,83.9,72.2,76.1,68.3,4.9,6.8,2.9
2012,Calendar year,Q3,National,E92000001,England,Age Group 21-30,Postgraduate,83.9,87,80.7,69.5,73.5,65.4,7.6,10,5.1
2012,Calendar year,Q4,National,E92000001,England,Age Group 21-30,Postgraduate,85.9,88.9,82.9,73.8,77.7,70,6.3,8.4,4.3
2013,Calendar year,Q1,National,E92000001,England,Age Group 21-30,Postgraduate,87.1,90.1,84,72.3,76.4,68.1,5.5,7.5,3.4
2013,Calendar year,Q2,National,E92000001,England,Age Group 21-30,Postgraduate,85.3,88.5,82.2,72.9,76.9,68.8,4.2,6,2.4
2013,Calendar year,Q3,National,E92000001,England,Age Group 21-30,Postgraduate,84.5,87.7,81.3,71.3,75.2,67.4,5.4,7.8,3
2013,Calendar year,Q4,National,E92000001,England,Age Group 21-30,Postgraduate,85.7,88.7,82.7,72.3,76.1,68.4,6.4,8.8,4
2014,Calendar year,Q1,National,E92000001,England,Age Group 21-30,Postgraduate,89.2,92,86.3,75.1,79,71.3,3.5,5,2.1
2014,Calendar year,Q2,National,E92000001,England,Age Group 21-30,Postgraduate,89.5,92.1,86.9,74.5,78.5,70.6,3.1,4.5,1.7
2014,Calendar year,Q3,National,E92000001,England,Age Group 21-30,Postgraduate,85.4,88.5,82.2,71.6,75.6,67.5,5.2,7.1,3.3
2014,Calendar year,Q4,National,E92000001,England,Age Group 21-30,Postgraduate,84.6,88,81.2,70.1,74.3,66,3.8,5.5,2.1
2015,Calendar year,Q1,National,E92000001,England,Age Group 21-30,Postgraduate,86.7,89.9,83.4,73.5,77.5,69.5,3.7,5.4,2.1
2015,Calendar year,Q2,National,E92000001,England,Age Group 21-30,Postgraduate,88.8,91.8,85.9,74.9,78.8,71,3.4,5.1,1.7
2015,Calendar year,Q3,National,E92000001,England,Age Group 21-30,Postgraduate,85.2,88.2,82.2,71,74.9,67.1,3.9,5.5,2.3
2015,Calendar year,Q4,National,E92000001,England,Age Group 21-30,Postgraduate,88.8,91.5,86,74.3,78.1,70.6,3.5,5,1.9
2016,Calendar year,Q1,National,E92000001,England,Age Group 21-30,Postgraduate,90.4,93.1,87.8,75.6,79.4,71.8,2.6,3.9,1.2
2016,Calendar year,Q2,National,E92000001,England,Age Group 21-30,Postgraduate,89.9,92.4,87.4,74.7,78.4,70.9,3,4.4,1.6
2016,Calendar year,Q3,National,E92000001,England,Age Group 21-30,Postgraduate,90.2,92.8,87.7,75.8,79.7,71.9,2.8,4.3,1.2
2016,Calendar year,Q4,National,E92000001,England,Age Group 21-30,Postgraduate,91.7,94,89.5,75.2,79.1,71.4,3.4,4.9,1.9
2017,Calendar year,Q1,National,E92000001,England,Age Group 21-30,Postgraduate,89,92.1,86,75.4,79.4,71.5,4.4,7,1.9
2017,Calendar year,Q2,National,E92000001,England,Age Group 21-30,Postgraduate,87.9,91.3,84.4,72.5,76.9,68.1,4,6.5,1.4
2017,Calendar year,Q3,National,E92000001,England,Age Group 21-30,Postgraduate,87.7,90.5,85,73,76.8,69.2,5.1,7,3.3
2017,Calendar year,Q4,National,E92000001,England,Age Group 21-30,Postgraduate,88.7,91.4,86,74.8,78.7,71,4.3,6,2.6
2018,Calendar year,Q1,National,E92000001,England,Age Group 21-30,Postgraduate,88.3,91.2,85.5,72.1,75.8,68.3,2.9,4.2,1.6
2018,Calendar year,Q2,National,E92000001,England,Age Group 21-30,Postgraduate,85.6,89.3,81.9,69.5,73.7,65.4,4.2,5.8,2.5
2018,Calendar year,Q3,National,E92000001,England,Age Group 21-30,Postgraduate,84.2,87.4,80.9,71.8,75.7,67.9,4.8,6.8,2.9
2018,Calendar year,Q4,National,E92000001,England,Age Group 21-30,Postgraduate,86.4,90,82.8,73.2,77.3,69,3.9,5.7,2.2
2019,Calendar year,Q1,National,E92000001,England,Age Group 21-30,Postgraduate,86.5,90.4,82.6,74.7,79.1,70.3,4.3,6.3,2.4
2019,Calendar year,Q2,National,E92000001,England,Age Group 21-30,Postgraduate,89.3,92.1,86.6,78.1,81.7,74.5,4.1,5.9,2.3
2019,Calendar year,Q3,National,E92000001,England,Age Group 21-30,Postgraduate,88.9,91.6,86.2,77.6,81.2,74.1,3.4,5,1.8
2019,Calendar year,Q4,National,E92000001,England,Age Group 21-30,Postgraduate,88.6,91.5,85.6,76,79.8,72.1,4.3,6.2,2.4
2020,Calendar year,Q1,National,E92000001,England,Age Group 21-30,Postgraduate,89.9,93.3,86.5,76.6,81,72.2,2.8,4.5,1.2
2020,Calendar year,Q2,National,E92000001,England,Age Group 21-30,Postgraduate,89.3,92.9,85.6,78.4,82.9,73.9,2.2,3.8,0.6
2020,Calendar year,Q3,National,E92000001,England,Age Group 21-30,Postgraduate,86.8,90.6,83.1,72.6,77.3,67.9,4.4,6.5,2.3
2020,Calendar year,Q4,National,E92000001,England,Age Group 21-30,Postgraduate,86.2,89.9,82.5,71.1,75.8,66.5,6.4,9,3.7
2021,Calendar year,Q1,National,E92000001,England,Age Group 21-30,Postgraduate,86.9,90.2,83.5,72.5,76.6,68.3,5.5,7.7,3.2
2021,Calendar year,Q2,National,E92000001,England,Age Group 21-30,Postgraduate,88.5,91.5,85.4,73.9,77.8,70,4.9,6.8,2.9
2021,Calendar year,Q3,National,E92000001,England,Age Group 21-30,Postgraduate,87.6,90.5,84.7,72.9,76.7,69.1,4.4,6.2,2.7
2021,Calendar year,Q4,National,E92000001,England,Age Group 21-30,Postgraduate,86.5,89.7,83.3,72.2,76.2,68.2,5,7.1,2.9
