time_period,time_identifier,geographic_level,country_code,country_name,graduate_characteristic,graduate_breakdown,Employment_rate,High_skill_emp_rate,Unemployment_rate,Inactivity_rate,median
2021,Calendar year,National,E92000001,England,Age Group ,Age Group 21-30,86.9,59.0,4.9,8.7,27500
2021,Calendar year,National,E92000001,England,Age Group ,Age Group 31-40,92.5,72.0,1.9,5.7,41000
2021,Calendar year,National,E92000001,England,Age Group ,Age Group 41-50,90.8,73.0,2.3,7.1,45000
2021,Calendar year,National,E92000001,England,Age Group ,Age Group 51-60,81.2,63.1,3.0,16.3,42500
