time_period,time_identifier,geographic_level,country_code,country_name,graduate_group,graduate_characteristic,graduate_breakdown,median,sample_size
2021,Calendar year,National,E92000001,England,Graduates 16-64,Gender,Gender Male,40000,Not published
2021,Calendar year,National,E92000001,England,Graduates 16-64,Gender,Gender Female,32000,Not published
2021,Calendar year,National,E92000001,England,Graduates 16-64,Ethnicity,Ethnicity White,36000,Not published
2021,Calendar year,National,E92000001,England,Graduates 16-64,Ethnicity,Ethnicity  Asian or Asian British,32000,Not published
2021,Calendar year,National,E92000001,England,Graduates 16-64,Ethnicity,Ethnicity Black or African or Caribbean or Black British,32000,Not published
2021,Calendar year,National,E92000001,England,Graduates 16-64,Ethnicity,Ethnicity Other ethnic group,40000,Not published
2021,Calendar year,National,E92000001,England,Graduates 16-64,Disability status,Disability status Equality Act Disabled,31000,Not published
2021,Calendar year,National,E92000001,England,Graduates 16-64,Disability status,Disability status Not Equality Act Disabled,36000,Not published
2021,Calendar year,National,E92000001,England,Graduates 16-64,Degree class,Degree class First,35000,Not published
2021,Calendar year,National,E92000001,England,Graduates 16-64,Degree class,Degree class Upper Second 2:1,36000,Not published
2021,Calendar year,National,E92000001,England,Graduates 16-64,Degree class,Degree class Lower Second 2:2,36000,Not published
2021,Calendar year,National,E92000001,England,Graduates 16-64,Degree class,Degree class Third,33000,Not published
2021,Calendar year,National,E92000001,England,Graduates 16-64,Subject Group,Subject Group STEM,38000,Not published
2021,Calendar year,National,E92000001,England,Graduates 16-64,Subject Group,Subject Group LEM,38500,Not published
2021,Calendar year,National,E92000001,England,Graduates 16-64,Subject Group,Subject Group OSSAH,31000,Not published
2021,Calendar year,National,E92000001,England,Graduates 16-64,Occupation,"Occupation Managers, Directors And Senior Officials",53500,Not published
2021,Calendar year,National,E92000001,England,Graduates 16-64,Occupation,Occupation Professional Occupations,41000,Not published
2021,Calendar year,National,E92000001,England,Graduates 16-64,Occupation,Occupation Associate Professionaloccupations,32000,Not published
2021,Calendar year,National,E92000001,England,Graduates 16-64,Occupation,Occupation Medium Skilled Employment,25000,Not published
2021,Calendar year,National,E92000001,England,Graduates 16-64,Occupation,Occupation Low Skilled Employment,24000,Not published
2021,Calendar year,National,E92000001,England,Graduates 16-64,Industry,Industry Manufacturing,42000,434
2021,Calendar year,National,E92000001,England,Graduates 16-64,Industry,Industry Construction,41500,184
2021,Calendar year,National,E92000001,England,Graduates 16-64,Industry,Industry Distribution or Hotels or Restaurants,27000,379
2021,Calendar year,National,E92000001,England,Graduates 16-64,Industry,Industry Transport and Communication,44500,576
2021,Calendar year,National,E92000001,England,Graduates 16-64,Industry,Industry Banking and Finance,38000,1249
2021,Calendar year,National,E92000001,England,Graduates 16-64,Industry,Industry Public Admin or Education or Health,32500,1894
2021,Calendar year,National,E92000001,England,Graduates 16-64,Government Office Region,Government Office Region North East,30000,Not published
2021,Calendar year,National,E92000001,England,Graduates 16-64,Government Office Region,Government Office Region North West (inc Merseyside),32000,Not published
2021,Calendar year,National,E92000001,England,Graduates 16-64,Government Office Region,Government Office Region Yorkshire and Humberside,31000,Not published
2021,Calendar year,National,E92000001,England,Graduates 16-64,Government Office Region,Government Office Region East Midlands,33000,Not published
2021,Calendar year,National,E92000001,England,Graduates 16-64,Government Office Region,Government Office Region West Midlands,33000,Not published
2021,Calendar year,National,E92000001,England,Graduates 16-64,Government Office Region,Government Office Region Eastern,36500,Not published
2021,Calendar year,National,E92000001,England,Graduates 16-64,Government Office Region,Government Office Region London,42500,Not published
2021,Calendar year,National,E92000001,England,Graduates 16-64,Government Office Region,Government Office Region South East,39000,Not published
2021,Calendar year,National,E92000001,England,Graduates 16-64,Government Office Region,Government Office Region South West,33000,Not published
2021,Calendar year,National,E92000001,England,Graduates 16-64,Industry and Gender,Industry Manufacturing and Gender Male,44500,290
2021,Calendar year,National,E92000001,England,Graduates 16-64,Industry and Gender,Industry Construction and Gender Male,45000,148
2021,Calendar year,National,E92000001,England,Graduates 16-64,Industry and Gender,Industry Distribution or Hotels or Restaurants and Gender Male,29500,203
2021,Calendar year,National,E92000001,England,Graduates 16-64,Industry and Gender,Industry Transport and Communication and Gender Male,45000,415
2021,Calendar year,National,E92000001,England,Graduates 16-64,Industry and Gender,Industry Banking and Finance and Gender Male,43000,748
2021,Calendar year,National,E92000001,England,Graduates 16-64,Industry and Gender,Industry Public Admin or Education or Health and Gender Male,36000,698
2021,Calendar year,National,E92000001,England,Graduates 16-64,Industry and Gender,Industry Manufacturing and Gender Female,37500,144
2021,Calendar year,National,E92000001,England,Graduates 16-64,Industry and Gender,Industry Construction and Gender Female,31000,36
2021,Calendar year,National,E92000001,England,Graduates 16-64,Industry and Gender,Industry Distribution or Hotels or Restaurants and Gender Female,24500,176
2021,Calendar year,National,E92000001,England,Graduates 16-64,Industry and Gender,Industry Transport and Communication and Gender Female,39500,161
2021,Calendar year,National,E92000001,England,Graduates 16-64,Industry and Gender,Industry Banking and Finance and Gender Female,32500,501
2021,Calendar year,National,E92000001,England,Graduates 16-64,Industry and Gender,Industry Public Admin or Education or Health and Gender Female,31000,1196
2021,Calendar year,National,E92000001,England,Graduates 21-30,Gender,Gender Male,29500,Not published
2021,Calendar year,National,E92000001,England,Graduates 21-30,Gender,Gender Female,26500,Not published
2021,Calendar year,National,E92000001,England,Graduates 21-30,Ethnicity,Ethnicity White,27500,Not published
2021,Calendar year,National,E92000001,England,Graduates 21-30,Ethnicity,Ethnicity  Asian or Asian British,26500,Not published
2021,Calendar year,National,E92000001,England,Graduates 21-30,Ethnicity,Ethnicity Black or African or Caribbean or Black British,25500,Not published
2021,Calendar year,National,E92000001,England,Graduates 21-30,Ethnicity,Ethnicity Other ethnic group,35500,Not published
2021,Calendar year,National,E92000001,England,Graduates 21-30,Disability status,Disability status Equality Act Disabled,25000,Not published
2021,Calendar year,National,E92000001,England,Graduates 21-30,Disability status,Disability status Not Equality Act Disabled,28000,Not published
2021,Calendar year,National,E92000001,England,Graduates 21-30,Degree class,Degree class First,29500,Not published
2021,Calendar year,National,E92000001,England,Graduates 21-30,Degree class,Degree class Upper Second 2:1,27000,Not published
2021,Calendar year,National,E92000001,England,Graduates 21-30,Degree class,Degree class Lower Second 2:2,24500,Not published
2021,Calendar year,National,E92000001,England,Graduates 21-30,Degree class,Degree class Third,:,Not published
2021,Calendar year,National,E92000001,England,Graduates 21-30,Subject Group,Subject Group STEM,30000,Not published
2021,Calendar year,National,E92000001,England,Graduates 21-30,Subject Group,Subject Group LEM,28000,Not published
2021,Calendar year,National,E92000001,England,Graduates 21-30,Subject Group,Subject Group OSSAH,25000,Not published
2021,Calendar year,National,E92000001,England,Graduates 21-30,Occupation,"Occupation Managers, Directors And Senior Officials",32000,Not published
2021,Calendar year,National,E92000001,England,Graduates 21-30,Occupation,Occupation Professional Occupations,33000,Not published
2021,Calendar year,National,E92000001,England,Graduates 21-30,Occupation,Occupation Associate Professionaloccupations,26500,Not published
2021,Calendar year,National,E92000001,England,Graduates 21-30,Occupation,Occupation Medium Skilled Employment,24000,Not published
2021,Calendar year,National,E92000001,England,Graduates 21-30,Occupation,Occupation Low Skilled Employment,22500,Not published
2021,Calendar year,National,E92000001,England,Graduates 21-30,Industry,Industry Manufacturing,31000,90
2021,Calendar year,National,E92000001,England,Graduates 21-30,Industry,Industry Construction,33000,49
2021,Calendar year,National,E92000001,England,Graduates 21-30,Industry,Industry Distribution or Hotels or Restaurants,24000,138
2021,Calendar year,National,E92000001,England,Graduates 21-30,Industry,Industry Transport and Communication,33500,130
2021,Calendar year,National,E92000001,England,Graduates 21-30,Industry,Industry Banking and Finance,28000,340
2021,Calendar year,National,E92000001,England,Graduates 21-30,Industry,Industry Public Admin or Education or Health,26500,453
2021,Calendar year,National,E92000001,England,Graduates 21-30,Government Office Region,Government Office Region North East,25500,Not published
2021,Calendar year,National,E92000001,England,Graduates 21-30,Government Office Region,Government Office Region North West (inc Merseyside),25000,Not published
2021,Calendar year,National,E92000001,England,Graduates 21-30,Government Office Region,Government Office Region Yorkshire and Humberside,25500,Not published
2021,Calendar year,National,E92000001,England,Graduates 21-30,Government Office Region,Government Office Region East Midlands,25500,Not published
2021,Calendar year,National,E92000001,England,Graduates 21-30,Government Office Region,Government Office Region West Midlands,25500,Not published
2021,Calendar year,National,E92000001,England,Graduates 21-30,Government Office Region,Government Office Region Eastern,27500,Not published
2021,Calendar year,National,E92000001,England,Graduates 21-30,Government Office Region,Government Office Region London,34000,Not published
2021,Calendar year,National,E92000001,England,Graduates 21-30,Government Office Region,Government Office Region South East,27500,Not published
2021,Calendar year,National,E92000001,England,Graduates 21-30,Government Office Region,Government Office Region South West,26000,Not published
2021,Calendar year,National,E92000001,England,Graduates 21-30,Industry and Gender,Industry Manufacturing and Gender Male,33000,48
2021,Calendar year,National,E92000001,England,Graduates 21-30,Industry and Gender,Industry Construction and Gender Male,34000,37
2021,Calendar year,National,E92000001,England,Graduates 21-30,Industry and Gender,Industry Distribution or Hotels or Restaurants and Gender Male,24000,62
2021,Calendar year,National,E92000001,England,Graduates 21-30,Industry and Gender,Industry Transport and Communication and Gender Male,34000,76
2021,Calendar year,National,E92000001,England,Graduates 21-30,Industry and Gender,Industry Banking and Finance and Gender Male,28000,163
2021,Calendar year,National,E92000001,England,Graduates 21-30,Industry and Gender,Industry Public Admin or Education or Health and Gender Male,27500,144
2021,Calendar year,National,E92000001,England,Graduates 21-30,Industry and Gender,Industry Manufacturing and Gender Female,29000,42
2021,Calendar year,National,E92000001,England,Graduates 21-30,Industry and Gender,Industry Construction and Gender Female,:,12
2021,Calendar year,National,E92000001,England,Graduates 21-30,Industry and Gender,Industry Distribution or Hotels or Restaurants and Gender Female,22500,76
2021,Calendar year,National,E92000001,England,Graduates 21-30,Industry and Gender,Industry Transport and Communication and Gender Female,32500,54
2021,Calendar year,National,E92000001,England,Graduates 21-30,Industry and Gender,Industry Banking and Finance and Gender Female,27000,177
2021,Calendar year,National,E92000001,England,Graduates 21-30,Industry and Gender,Industry Public Admin or Education or Health and Gender Female,26000,309
