time_period,time_identifier,geographic_level,country_code,country_name,graduate_group,graduate_characteristic,graduate_breakdown,Employment_rate,High_skill_emp_rate,Unemployment_rate,Inactivity_rate
2021,Calendar year,National,E92000001,England,Graduates 16-64,Degree class,Degree class First,87.2,68.0,2.7,10.3
2021,Calendar year,National,E92000001,England,Graduates 16-64,Degree class,Degree class Lower Second 2:2,85.4,62.5,3.4,11.6
2021,Calendar year,National,E92000001,England,Graduates 16-64,Degree class,Degree class Third,83.4,57.5,5.0,12.2
2021,Calendar year,National,E92000001,England,Graduates 16-64,Degree class,Degree class Upper Second 2:1,88.0,66.9,3.1,9.2
2021,Calendar year,National,E92000001,England,Graduates 16-64,Disability status ,Disability status Equality Act Disabled,73.8,50.8,4.6,22.6
2021,Calendar year,National,E92000001,England,Graduates 16-64,Disability status ,Disability status Not Equality Act Disabled,88.8,67.6,3.0,8.5
2021,Calendar year,National,E92000001,England,Graduates 16-64,Ethnicity ,Ethnicity Asian or Asian British,83.9,60.8,5.8,10.9
2021,Calendar year,National,E92000001,England,Graduates 16-64,Ethnicity ,Ethnicity Black or African or Caribbean or Black British,84.0,51.6,7.0,9.8
2021,Calendar year,National,E92000001,England,Graduates 16-64,Ethnicity ,Ethnicity Other ethnic group.,82.8,60.0,5.6,12.3
2021,Calendar year,National,E92000001,England,Graduates 16-64,Ethnicity ,Ethnicity White,87.2,66.5,2.7,10.4
2021,Calendar year,National,E92000001,England,Graduates 16-64,Government Office Region ,Government Office Region East Midlands,86.1,64.9,2.9,11.3
2021,Calendar year,National,E92000001,England,Graduates 16-64,Government Office Region ,Government Office Region Eastern,86.3,63.8,3.0,11.1
2021,Calendar year,National,E92000001,England,Graduates 16-64,Government Office Region ,Government Office Region London,87.2,68.0,4.2,9.0
2021,Calendar year,National,E92000001,England,Graduates 16-64,Government Office Region ,Government Office Region North East,85.4,58.1,3.0,11.9
2021,Calendar year,National,E92000001,England,Graduates 16-64,Government Office Region ,Government Office Region North West (inc Merseyside),87.2,62.7,2.6,10.5
2021,Calendar year,National,E92000001,England,Graduates 16-64,Government Office Region ,Government Office Region South East,86.3,66.6,3.0,11.1
2021,Calendar year,National,E92000001,England,Graduates 16-64,Government Office Region ,Government Office Region South West,86.6,65.1,2.8,10.9
2021,Calendar year,National,E92000001,England,Graduates 16-64,Government Office Region ,Government Office Region West Midlands,86.7,63.7,3.8,10.0
2021,Calendar year,National,E92000001,England,Graduates 16-64,Government Office Region ,Government Office Region Yorkshire and Humberside,86.9,65.5,2.2,11.2
2021,Calendar year,National,E92000001,England,Graduates 16-64,Subject Group,Subject Group LEM,88.8,63.9,2.9,8.6
2021,Calendar year,National,E92000001,England,Graduates 16-64,Subject Group,Subject Group OSSAH,85.8,61.2,3.6,11.1
2021,Calendar year,National,E92000001,England,Graduates 16-64,Gender,Gender Female,84.7,61.6,3.0,12.7
2021,Calendar year,National,E92000001,England,Graduates 16-64,Gender,Gender Male,88.7,69.0,3.4,8.2
2021,Calendar year,National,E92000001,England,Graduates 16-64,Subject Group,Subject Group STEM,86.7,69.2,2.7,10.9
2021,Calendar year,National,E92000001,England,Graduates 21-30,Degree class,Degree class First,86.1,64.9,4.1,10.2
2021,Calendar year,National,E92000001,England,Graduates 21-30,Degree class,Degree class Lower Second 2:2,87.9,56.1,5.8,6.6
2021,Calendar year,National,E92000001,England,Graduates 21-30,Degree class,Degree class Third,81.5,41.4,:,:
2021,Calendar year,National,E92000001,England,Graduates 21-30,Degree class,Degree class Upper Second 2:1,87.5,58.5,4.9,7.9
2021,Calendar year,National,E92000001,England,Graduates 21-30,Disability status ,Disability status Equality Act Disabled,82.0,51.0,5.7,13.0
2021,Calendar year,National,E92000001,England,Graduates 21-30,Disability status ,Disability status Not Equality Act Disabled,87.6,60.1,4.7,8.1
2021,Calendar year,National,E92000001,England,Graduates 21-30,Ethnicity ,Ethnicity Asian or Asian British,79.7,52.3,8.1,13.4
2021,Calendar year,National,E92000001,England,Graduates 21-30,Ethnicity ,Ethnicity Black or African or Caribbean or Black British,84.1,48.7,:,:
2021,Calendar year,National,E92000001,England,Graduates 21-30,Ethnicity ,Ethnicity Other ethnic group.,80.6,50.0,:,13.7
2021,Calendar year,National,E92000001,England,Graduates 21-30,Ethnicity ,Ethnicity White,88.3,60.9,4.2,7.8
2021,Calendar year,National,E92000001,England,Graduates 21-30,Government Office Region ,Government Office Region East Midlands,85.5,58.0,:,9.6
2021,Calendar year,National,E92000001,England,Graduates 21-30,Government Office Region ,Government Office Region Eastern,87.2,57.1,5.5,7.8
2021,Calendar year,National,E92000001,England,Graduates 21-30,Government Office Region ,Government Office Region London,87.4,66.1,5.4,7.6
2021,Calendar year,National,E92000001,England,Graduates 21-30,Government Office Region ,Government Office Region North East,84.8,47.4,:,:
2021,Calendar year,National,E92000001,England,Graduates 21-30,Government Office Region ,Government Office Region North West (inc Merseyside),90.4,57.1,:,6.3
2021,Calendar year,National,E92000001,England,Graduates 21-30,Government Office Region ,Government Office Region South East,84.6,55.1,5.3,10.7
2021,Calendar year,National,E92000001,England,Graduates 21-30,Government Office Region ,Government Office Region South West,86.5,59.1,4.7,9.2
2021,Calendar year,National,E92000001,England,Graduates 21-30,Government Office Region ,Government Office Region West Midlands,85.2,57.1,5.1,10.2
2021,Calendar year,National,E92000001,England,Graduates 21-30,Government Office Region ,Government Office Region Yorkshire and Humberside,88.6,58.9,:,8.3
2021,Calendar year,National,E92000001,England,Graduates 21-30,Subject Group,Subject Group LEM,88.0,54.1,5.6,6.7
2021,Calendar year,National,E92000001,England,Graduates 21-30,Subject Group,Subject Group OSSAH,87.0,55.2,5.1,8.3
2021,Calendar year,National,E92000001,England,Graduates 21-30,Gender,Gender Female,86.8,57.7,4.3,9.3
2021,Calendar year,National,E92000001,England,Graduates 21-30,Gender,Gender Male,86.9,60.4,5.6,8.0
2021,Calendar year,National,E92000001,England,Graduates 21-30,Subject Group,Subject Group STEM,86.6,64.1,3.9,9.9
