﻿time_period,time_identifier,geographic_level,country_code,country_name,graduate_group,Industry,Gender,median,sample_size
2021,Calendar year,National,E92000001,England,Graduates 16-64,Manufacturing,Male,44500,290
2021,Calendar year,National,E92000001,England,Graduates 16-64,Construction,Male,45000,148
2021,Calendar year,National,E92000001,England,Graduates 16-64,Distribution or Hotels or Restaurants,Male,29500,203
2021,Calendar year,National,E92000001,England,Graduates 16-64,Transport and Communication,Male,45000,415
2021,Calendar year,National,E92000001,England,Graduates 16-64,Banking and Finance,Male,43000,748
2021,Calendar year,National,E92000001,England,Graduates 16-64,Public Admin or Education or Health,Male,36000,698
2021,Calendar year,National,E92000001,England,Graduates 16-64,Manufacturing,Female,37500,144
2021,Calendar year,National,E92000001,England,Graduates 16-64,Construction,Female,31000,36
2021,Calendar year,National,E92000001,England,Graduates 16-64,Distribution or Hotels or Restaurants,Female,24500,176
2021,Calendar year,National,E92000001,England,Graduates 16-64,Transport and Communication,Female,39500,161
2021,Calendar year,National,E92000001,England,Graduates 16-64,Banking and Finance,Female,32500,501
2021,Calendar year,National,E92000001,England,Graduates 16-64,Public Admin or Education or Health,Female,31000,1196
2021,Calendar year,National,E92000001,England,Graduates 21-30,Manufacturing,Male,33000,48
2021,Calendar year,National,E92000001,England,Graduates 21-30,Construction,Male,34000,37
2021,Calendar year,National,E92000001,England,Graduates 21-30,Distribution or Hotels or Restaurants,Male,24000,62
2021,Calendar year,National,E92000001,England,Graduates 21-30,Transport and Communication,Male,34000,76
2021,Calendar year,National,E92000001,England,Graduates 21-30,Banking and Finance,Male,28000,163
2021,Calendar year,National,E92000001,England,Graduates 21-30,Public Admin or Education or Health,Male,27500,144
2021,Calendar year,National,E92000001,England,Graduates 21-30,Manufacturing,Female,29000,42
2021,Calendar year,National,E92000001,England,Graduates 21-30,Construction,Female,:,12
2021,Calendar year,National,E92000001,England,Graduates 21-30,Distribution or Hotels or Restaurants,Female,22500,76
2021,Calendar year,National,E92000001,England,Graduates 21-30,Transport and Communication,Female,32500,54
2021,Calendar year,National,E92000001,England,Graduates 21-30,Banking and Finance,Female,27000,177
2021,Calendar year,National,E92000001,England,Graduates 21-30,Public Admin or Education or Health,Female,26000,309
