time_period,time_identifier,geographic_level,country_code,country_name,graduate_type,graduate_characteristic,graduate_breakdown,proportion_part_time_workers
2007,Calendar year,National,E92000001,England,Non-Graduate,Age group,Age group 21-30,18.6
2007,Calendar year,National,E92000001,England,Non-Graduate,Age group,Age group 31-40,24.3
2007,Calendar year,National,E92000001,England,Non-Graduate,Age group,Age group 41-50,23.3
2007,Calendar year,National,E92000001,England,Non-Graduate,Age group,Age group 51-60,27.4
2007,Calendar year,National,E92000001,England,Non-Graduate,SEX,SEX Female,45.9
2007,Calendar year,National,E92000001,England,Non-Graduate,SEX,SEX Male,10.1
2008,Calendar year,National,E92000001,England,Non-Graduate,Age group,Age group 21-30,19.3
2008,Calendar year,National,E92000001,England,Non-Graduate,Age group,Age group 31-40,23.7
2008,Calendar year,National,E92000001,England,Non-Graduate,Age group,Age group 41-50,23.5
2008,Calendar year,National,E92000001,England,Non-Graduate,Age group,Age group 51-60,26.6
2008,Calendar year,National,E92000001,England,Non-Graduate,SEX,SEX Female,45.6
2008,Calendar year,National,E92000001,England,Non-Graduate,SEX,SEX Male,10.6
2009,Calendar year,National,E92000001,England,Non-Graduate,Age group,Age group 21-30,21.1
2009,Calendar year,National,E92000001,England,Non-Graduate,Age group,Age group 31-40,24
2009,Calendar year,National,E92000001,England,Non-Graduate,Age group,Age group 41-50,24.4
2009,Calendar year,National,E92000001,England,Non-Graduate,Age group,Age group 51-60,26.9
2009,Calendar year,National,E92000001,England,Non-Graduate,SEX,SEX Female,46.2
2009,Calendar year,National,E92000001,England,Non-Graduate,SEX,SEX Male,11.3
2010,Calendar year,National,E92000001,England,Non-Graduate,Age group,Age group 21-30,22
2010,Calendar year,National,E92000001,England,Non-Graduate,Age group,Age group 31-40,24.9
2010,Calendar year,National,E92000001,England,Non-Graduate,Age group,Age group 41-50,25
2010,Calendar year,National,E92000001,England,Non-Graduate,Age group,Age group 51-60,26.7
2010,Calendar year,National,E92000001,England,Non-Graduate,SEX,SEX Female,46.8
2010,Calendar year,National,E92000001,England,Non-Graduate,SEX,SEX Male,12
2011,Calendar year,National,E92000001,England,Non-Graduate,Age group,Age group 21-30,22.8
2011,Calendar year,National,E92000001,England,Non-Graduate,Age group,Age group 31-40,25
2011,Calendar year,National,E92000001,England,Non-Graduate,Age group,Age group 41-50,23.4
2011,Calendar year,National,E92000001,England,Non-Graduate,Age group,Age group 51-60,27
2011,Calendar year,National,E92000001,England,Non-Graduate,SEX,SEX Female,45.9
2011,Calendar year,National,E92000001,England,Non-Graduate,SEX,SEX Male,11.8
2012,Calendar year,National,E92000001,England,Non-Graduate,Age group,Age group 21-30,23.8
2012,Calendar year,National,E92000001,England,Non-Graduate,Age group,Age group 31-40,24.5
2012,Calendar year,National,E92000001,England,Non-Graduate,Age group,Age group 41-50,24.3
2012,Calendar year,National,E92000001,England,Non-Graduate,Age group,Age group 51-60,27.1
2012,Calendar year,National,E92000001,England,Non-Graduate,SEX,SEX Female,46.1
2012,Calendar year,National,E92000001,England,Non-Graduate,SEX,SEX Male,12.7
2013,Calendar year,National,E92000001,England,Non-Graduate,Age group,Age group 21-30,25
2013,Calendar year,National,E92000001,England,Non-Graduate,Age group,Age group 31-40,24
2013,Calendar year,National,E92000001,England,Non-Graduate,Age group,Age group 41-50,23.9
2013,Calendar year,National,E92000001,England,Non-Graduate,Age group,Age group 51-60,26.2
2013,Calendar year,National,E92000001,England,Non-Graduate,SEX,SEX Female,45.6
2013,Calendar year,National,E92000001,England,Non-Graduate,SEX,SEX Male,12.5
2014,Calendar year,National,E92000001,England,Non-Graduate,Age group,Age group 21-30,23.6
2014,Calendar year,National,E92000001,England,Non-Graduate,Age group,Age group 31-40,24.4
2014,Calendar year,National,E92000001,England,Non-Graduate,Age group,Age group 41-50,23.7
2014,Calendar year,National,E92000001,England,Non-Graduate,Age group,Age group 51-60,27.3
2014,Calendar year,National,E92000001,England,Non-Graduate,SEX,SEX Female,45.6
2014,Calendar year,National,E92000001,England,Non-Graduate,SEX,SEX Male,12.2
2015,Calendar year,National,E92000001,England,Non-Graduate,Age group,Age group 21-30,23
2015,Calendar year,National,E92000001,England,Non-Graduate,Age group,Age group 31-40,24.8
2015,Calendar year,National,E92000001,England,Non-Graduate,Age group,Age group 41-50,24.4
2015,Calendar year,National,E92000001,England,Non-Graduate,Age group,Age group 51-60,26.5
2015,Calendar year,National,E92000001,England,Non-Graduate,SEX,SEX Female,45.9
2015,Calendar year,National,E92000001,England,Non-Graduate,SEX,SEX Male,12.4
2016,Calendar year,National,E92000001,England,Non-Graduate,Age group,Age group 21-30,23.5
2016,Calendar year,National,E92000001,England,Non-Graduate,Age group,Age group 31-40,24.3
2016,Calendar year,National,E92000001,England,Non-Graduate,Age group,Age group 41-50,23.9
2016,Calendar year,National,E92000001,England,Non-Graduate,Age group,Age group 51-60,26.5
2016,Calendar year,National,E92000001,England,Non-Graduate,SEX,SEX Female,45.6
2016,Calendar year,National,E92000001,England,Non-Graduate,SEX,SEX Male,12.6
2017,Calendar year,National,E92000001,England,Non-Graduate,Age group,Age group 21-30,22
2017,Calendar year,National,E92000001,England,Non-Graduate,Age group,Age group 31-40,23.6
2017,Calendar year,National,E92000001,England,Non-Graduate,Age group,Age group 41-50,23.8
2017,Calendar year,National,E92000001,England,Non-Graduate,Age group,Age group 51-60,26.3
2017,Calendar year,National,E92000001,England,Non-Graduate,SEX,SEX Female,44.8
2017,Calendar year,National,E92000001,England,Non-Graduate,SEX,SEX Male,12.2
2018,Calendar year,National,E92000001,England,Non-Graduate,Age group,Age group 21-30,21.9
2018,Calendar year,National,E92000001,England,Non-Graduate,Age group,Age group 31-40,23.6
2018,Calendar year,National,E92000001,England,Non-Graduate,Age group,Age group 41-50,23.2
2018,Calendar year,National,E92000001,England,Non-Graduate,Age group,Age group 51-60,26.2
2018,Calendar year,National,E92000001,England,Non-Graduate,SEX,SEX Female,44.3
2018,Calendar year,National,E92000001,England,Non-Graduate,SEX,SEX Male,12.3
2019,Calendar year,National,E92000001,England,Non-Graduate,Age group,Age group 21-30,21
2019,Calendar year,National,E92000001,England,Non-Graduate,Age group,Age group 31-40,23.1
2019,Calendar year,National,E92000001,England,Non-Graduate,Age group,Age group 41-50,22.8
2019,Calendar year,National,E92000001,England,Non-Graduate,Age group,Age group 51-60,26.4
2019,Calendar year,National,E92000001,England,Non-Graduate,SEX,SEX Female,44.5
2019,Calendar year,National,E92000001,England,Non-Graduate,SEX,SEX Male,11.9
2020,Calendar year,National,E92000001,England,Non-Graduate,Age group,Age group 21-30,19.8
2020,Calendar year,National,E92000001,England,Non-Graduate,Age group,Age group 31-40,23.2
2020,Calendar year,National,E92000001,England,Non-Graduate,Age group,Age group 41-50,22.1
2020,Calendar year,National,E92000001,England,Non-Graduate,Age group,Age group 51-60,25.6
2020,Calendar year,National,E92000001,England,Non-Graduate,SEX,SEX Female,43.2
2020,Calendar year,National,E92000001,England,Non-Graduate,SEX,SEX Male,11.8
2021,Calendar year,National,E92000001,England,Non-Graduate,Age group,Age group 21-30,20.3
2021,Calendar year,National,E92000001,England,Non-Graduate,Age group,Age group 31-40,20.8
2021,Calendar year,National,E92000001,England,Non-Graduate,Age group,Age group 41-50,21.7
2021,Calendar year,National,E92000001,England,Non-Graduate,Age group,Age group 51-60,24.3
2021,Calendar year,National,E92000001,England,Non-Graduate,SEX,SEX Female,40.8
2021,Calendar year,National,E92000001,England,Non-Graduate,SEX,SEX Male,12.3
2007,Calendar year,National,E92000001,England,Graduate,Age group,Age group 21-30,10.2
2007,Calendar year,National,E92000001,England,Graduate,Age group,Age group 31-40,17.6
2007,Calendar year,National,E92000001,England,Graduate,Age group,Age group 41-50,18.8
2007,Calendar year,National,E92000001,England,Graduate,Age group,Age group 51-60,24
2007,Calendar year,National,E92000001,England,Graduate,SEX,SEX Female,27.6
2007,Calendar year,National,E92000001,England,Graduate,SEX,SEX Male,7.3
2008,Calendar year,National,E92000001,England,Graduate,Age group,Age group 21-30,10.6
2008,Calendar year,National,E92000001,England,Graduate,Age group,Age group 31-40,17.7
2008,Calendar year,National,E92000001,England,Graduate,Age group,Age group 41-50,19
2008,Calendar year,National,E92000001,England,Graduate,Age group,Age group 51-60,21.2
2008,Calendar year,National,E92000001,England,Graduate,SEX,SEX Female,27.8
2008,Calendar year,National,E92000001,England,Graduate,SEX,SEX Male,6.8
2009,Calendar year,National,E92000001,England,Graduate,Age group,Age group 21-30,13.6
2009,Calendar year,National,E92000001,England,Graduate,Age group,Age group 31-40,18
2009,Calendar year,National,E92000001,England,Graduate,Age group,Age group 41-50,20.7
2009,Calendar year,National,E92000001,England,Graduate,Age group,Age group 51-60,22.6
2009,Calendar year,National,E92000001,England,Graduate,SEX,SEX Female,30.1
2009,Calendar year,National,E92000001,England,Graduate,SEX,SEX Male,7.8
2010,Calendar year,National,E92000001,England,Graduate,Age group,Age group 21-30,15.1
2010,Calendar year,National,E92000001,England,Graduate,Age group,Age group 31-40,18.6
2010,Calendar year,National,E92000001,England,Graduate,Age group,Age group 41-50,21.4
2010,Calendar year,National,E92000001,England,Graduate,Age group,Age group 51-60,23.7
2010,Calendar year,National,E92000001,England,Graduate,SEX,SEX Female,31
2010,Calendar year,National,E92000001,England,Graduate,SEX,SEX Male,8.8
2011,Calendar year,National,E92000001,England,Graduate,Age group,Age group 21-30,15.2
2011,Calendar year,National,E92000001,England,Graduate,Age group,Age group 31-40,18.6
2011,Calendar year,National,E92000001,England,Graduate,Age group,Age group 41-50,21.3
2011,Calendar year,National,E92000001,England,Graduate,Age group,Age group 51-60,24.4
2011,Calendar year,National,E92000001,England,Graduate,SEX,SEX Female,31.8
2011,Calendar year,National,E92000001,England,Graduate,SEX,SEX Male,8.2
2012,Calendar year,National,E92000001,England,Graduate,Age group,Age group 21-30,14.9
2012,Calendar year,National,E92000001,England,Graduate,Age group,Age group 31-40,20.4
2012,Calendar year,National,E92000001,England,Graduate,Age group,Age group 41-50,22
2012,Calendar year,National,E92000001,England,Graduate,Age group,Age group 51-60,25.7
2012,Calendar year,National,E92000001,England,Graduate,SEX,SEX Female,33.7
2012,Calendar year,National,E92000001,England,Graduate,SEX,SEX Male,8.4
2013,Calendar year,National,E92000001,England,Graduate,Age group,Age group 21-30,15.3
2013,Calendar year,National,E92000001,England,Graduate,Age group,Age group 31-40,21.2
2013,Calendar year,National,E92000001,England,Graduate,Age group,Age group 41-50,21.8
2013,Calendar year,National,E92000001,England,Graduate,Age group,Age group 51-60,24.5
2013,Calendar year,National,E92000001,England,Graduate,SEX,SEX Female,33
2013,Calendar year,National,E92000001,England,Graduate,SEX,SEX Male,8.4
2014,Calendar year,National,E92000001,England,Graduate,Age group,Age group 21-30,14.8
2014,Calendar year,National,E92000001,England,Graduate,Age group,Age group 31-40,19.4
2014,Calendar year,National,E92000001,England,Graduate,Age group,Age group 41-50,21.2
2014,Calendar year,National,E92000001,England,Graduate,Age group,Age group 51-60,23.6
2014,Calendar year,National,E92000001,England,Graduate,SEX,SEX Female,31.4
2014,Calendar year,National,E92000001,England,Graduate,SEX,SEX Male,8.7
2015,Calendar year,National,E92000001,England,Graduate,Age group,Age group 21-30,14.1
2015,Calendar year,National,E92000001,England,Graduate,Age group,Age group 31-40,19.8
2015,Calendar year,National,E92000001,England,Graduate,Age group,Age group 41-50,21.2
2015,Calendar year,National,E92000001,England,Graduate,Age group,Age group 51-60,23.1
2015,Calendar year,National,E92000001,England,Graduate,SEX,SEX Female,31.2
2015,Calendar year,National,E92000001,England,Graduate,SEX,SEX Male,8.1
2016,Calendar year,National,E92000001,England,Graduate,Age group,Age group 21-30,15.5
2016,Calendar year,National,E92000001,England,Graduate,Age group,Age group 31-40,20.1
2016,Calendar year,National,E92000001,England,Graduate,Age group,Age group 41-50,21.7
2016,Calendar year,National,E92000001,England,Graduate,Age group,Age group 51-60,23.8
2016,Calendar year,National,E92000001,England,Graduate,SEX,SEX Female,31.7
2016,Calendar year,National,E92000001,England,Graduate,SEX,SEX Male,8.6
2017,Calendar year,National,E92000001,England,Graduate,Age group,Age group 21-30,14.8
2017,Calendar year,National,E92000001,England,Graduate,Age group,Age group 31-40,19.7
2017,Calendar year,National,E92000001,England,Graduate,Age group,Age group 41-50,22.5
2017,Calendar year,National,E92000001,England,Graduate,Age group,Age group 51-60,27.8
2017,Calendar year,National,E92000001,England,Graduate,SEX,SEX Female,32.1
2017,Calendar year,National,E92000001,England,Graduate,SEX,SEX Male,8.8
2018,Calendar year,National,E92000001,England,Graduate,Age group,Age group 21-30,13.6
2018,Calendar year,National,E92000001,England,Graduate,Age group,Age group 31-40,18.9
2018,Calendar year,National,E92000001,England,Graduate,Age group,Age group 41-50,22.2
2018,Calendar year,National,E92000001,England,Graduate,Age group,Age group 51-60,27.6
2018,Calendar year,National,E92000001,England,Graduate,SEX,SEX Female,30.9
2018,Calendar year,National,E92000001,England,Graduate,SEX,SEX Male,8.5
2019,Calendar year,National,E92000001,England,Graduate,Age group,Age group 21-30,14.4
2019,Calendar year,National,E92000001,England,Graduate,Age group,Age group 31-40,19.6
2019,Calendar year,National,E92000001,England,Graduate,Age group,Age group 41-50,21.6
2019,Calendar year,National,E92000001,England,Graduate,Age group,Age group 51-60,27.5
2019,Calendar year,National,E92000001,England,Graduate,SEX,SEX Female,31.7
2019,Calendar year,National,E92000001,England,Graduate,SEX,SEX Male,9.3
2020,Calendar year,National,E92000001,England,Graduate,Age group,Age group 21-30,14
2020,Calendar year,National,E92000001,England,Graduate,Age group,Age group 31-40,18.9
2020,Calendar year,National,E92000001,England,Graduate,Age group,Age group 41-50,20.4
2020,Calendar year,National,E92000001,England,Graduate,Age group,Age group 51-60,24.9
2020,Calendar year,National,E92000001,England,Graduate,SEX,SEX Female,29.9
2020,Calendar year,National,E92000001,England,Graduate,SEX,SEX Male,8.5
2021,Calendar year,National,E92000001,England,Graduate,Age group,Age group 21-30,13.3
2021,Calendar year,National,E92000001,England,Graduate,Age group,Age group 31-40,17.3
2021,Calendar year,National,E92000001,England,Graduate,Age group,Age group 41-50,20.6
2021,Calendar year,National,E92000001,England,Graduate,Age group,Age group 51-60,23.3
2021,Calendar year,National,E92000001,England,Graduate,SEX,SEX Female,28.8
2021,Calendar year,National,E92000001,England,Graduate,SEX,SEX Male,8.2
2007,Calendar year,National,E92000001,England,Graduate,Age group,Age group 16-64,16.8
2007,Calendar year,National,E92000001,England,Non-Graduate,Age group,Age group 16-64,26.6
2008,Calendar year,National,E92000001,England,Graduate,Age group,Age group 16-64,16.8
2008,Calendar year,National,E92000001,England,Non-Graduate,Age group,Age group 16-64,26.7
2009,Calendar year,National,E92000001,England,Graduate,Age group,Age group 16-64,18.5
2009,Calendar year,National,E92000001,England,Non-Graduate,Age group,Age group 16-64,27.6
2010,Calendar year,National,E92000001,England,Graduate,Age group,Age group 16-64,19.4
2010,Calendar year,National,E92000001,England,Non-Graduate,Age group,Age group 16-64,28.1
2011,Calendar year,National,E92000001,England,Graduate,Age group,Age group 16-64,19.6
2011,Calendar year,National,E92000001,England,Non-Graduate,Age group,Age group 16-64,27.6
2012,Calendar year,National,E92000001,England,Graduate,Age group,Age group 16-64,20.5
2012,Calendar year,National,E92000001,England,Non-Graduate,Age group,Age group 16-64,28.2
2013,Calendar year,National,E92000001,England,Graduate,Age group,Age group 16-64,20.5
2013,Calendar year,National,E92000001,England,Non-Graduate,Age group,Age group 16-64,27.8
2014,Calendar year,National,E92000001,England,Graduate,Age group,Age group 16-64,19.7
2014,Calendar year,National,E92000001,England,Non-Graduate,Age group,Age group 16-64,27.6
2015,Calendar year,National,E92000001,England,Graduate,Age group,Age group 16-64,19.4
2015,Calendar year,National,E92000001,England,Non-Graduate,Age group,Age group 16-64,27.8
2016,Calendar year,National,E92000001,England,Graduate,Age group,Age group 16-64,20.1
2016,Calendar year,National,E92000001,England,Non-Graduate,Age group,Age group 16-64,27.7
2017,Calendar year,National,E92000001,England,Graduate,Age group,Age group 16-64,20.6
2017,Calendar year,National,E92000001,England,Non-Graduate,Age group,Age group 16-64,27.2
2018,Calendar year,National,E92000001,England,Graduate,Age group,Age group 16-64,19.9
2018,Calendar year,National,E92000001,England,Non-Graduate,Age group,Age group 16-64,26.9
2019,Calendar year,National,E92000001,England,Graduate,Age group,Age group 16-64,20.6
2019,Calendar year,National,E92000001,England,Non-Graduate,Age group,Age group 16-64,26.8
2020,Calendar year,National,E92000001,England,Graduate,Age group,Age group 16-64,19.5
2020,Calendar year,National,E92000001,England,Non-Graduate,Age group,Age group 16-64,26.2
2021,Calendar year,National,E92000001,England,Graduate,Age group,Age group 16-64,18.6
2021,Calendar year,National,E92000001,England,Non-Graduate,Age group,Age group 16-64,25.5
